year,level_1,level_2,level_3,value
1960,Gross Domestic Product At Current Market Prices,Goods Producing Industries,Manufacturing,228.2
1960,Gross Domestic Product At Current Market Prices,Goods Producing Industries,Construction,66.8
1960,Gross Domestic Product At Current Market Prices,Goods Producing Industries,Utilities,57
1960,Gross Domestic Product At Current Market Prices,Goods Producing Industries,Other Goods Industries,79.9
1960,Gross Domestic Product At Current Market Prices,Services Producing Industries,Wholesale & Retail Trade,601.5
1960,Gross Domestic Product At Current Market Prices,Services Producing Industries,Transportation & Storage,256.3
1960,Gross Domestic Product At Current Market Prices,Services Producing Industries,Accommodation & Food Services,81.5
1960,Gross Domestic Product At Current Market Prices,Services Producing Industries,Information & Communications,50.3
1960,Gross Domestic Product At Current Market Prices,Services Producing Industries,Finance & Insurance,71.9
1960,Gross Domestic Product At Current Market Prices,Services Producing Industries,Business Services,146.4
1960,Gross Domestic Product At Current Market Prices,Services Producing Industries,Other Services Industries,330.8
1961,Gross Domestic Product At Current Market Prices,Goods Producing Industries,Manufacturing,241.1
1961,Gross Domestic Product At Current Market Prices,Goods Producing Industries,Construction,92.6
1961,Gross Domestic Product At Current Market Prices,Goods Producing Industries,Utilities,60
1961,Gross Domestic Product At Current Market Prices,Goods Producing Industries,Other Goods Industries,82.2
1961,Gross Domestic Product At Current Market Prices,Services Producing Industries,Wholesale & Retail Trade,652.9
1961,Gross Domestic Product At Current Market Prices,Services Producing Industries,Transportation & Storage,272.8
1961,Gross Domestic Product At Current Market Prices,Services Producing Industries,Accommodation & Food Services,86.5
1961,Gross Domestic Product At Current Market Prices,Services Producing Industries,Information & Communications,51.3
1961,Gross Domestic Product At Current Market Prices,Services Producing Industries,Finance & Insurance,86.5
1961,Gross Domestic Product At Current Market Prices,Services Producing Industries,Business Services,162.3
1961,Gross Domestic Product At Current Market Prices,Services Producing Industries,Other Services Industries,359.1
1962,Gross Domestic Product At Current Market Prices,Goods Producing Industries,Manufacturing,271.4
1962,Gross Domestic Product At Current Market Prices,Goods Producing Industries,Construction,103.3
1962,Gross Domestic Product At Current Market Prices,Goods Producing Industries,Utilities,69.2
1962,Gross Domestic Product At Current Market Prices,Goods Producing Industries,Other Goods Industries,90.8
1962,Gross Domestic Product At Current Market Prices,Services Producing Industries,Wholesale & Retail Trade,685.4
1962,Gross Domestic Product At Current Market Prices,Services Producing Industries,Transportation & Storage,280.4
1962,Gross Domestic Product At Current Market Prices,Services Producing Industries,Accommodation & Food Services,91.1
1962,Gross Domestic Product At Current Market Prices,Services Producing Industries,Information & Communications,54.4
1962,Gross Domestic Product At Current Market Prices,Services Producing Industries,Finance & Insurance,97.9
1962,Gross Domestic Product At Current Market Prices,Services Producing Industries,Business Services,199.8
1962,Gross Domestic Product At Current Market Prices,Services Producing Industries,Other Services Industries,383.1
1963,Gross Domestic Product At Current Market Prices,Goods Producing Industries,Manufacturing,328.5
1963,Gross Domestic Product At Current Market Prices,Goods Producing Industries,Construction,126.4
1963,Gross Domestic Product At Current Market Prices,Goods Producing Industries,Utilities,71.4
1963,Gross Domestic Product At Current Market Prices,Goods Producing Industries,Other Goods Industries,91.3
1963,Gross Domestic Product At Current Market Prices,Services Producing Industries,Wholesale & Retail Trade,795.6
1963,Gross Domestic Product At Current Market Prices,Services Producing Industries,Transportation & Storage,286.7
1963,Gross Domestic Product At Current Market Prices,Services Producing Industries,Accommodation & Food Services,97.1
1963,Gross Domestic Product At Current Market Prices,Services Producing Industries,Information & Communications,56.5
1963,Gross Domestic Product At Current Market Prices,Services Producing Industries,Finance & Insurance,107.7
1963,Gross Domestic Product At Current Market Prices,Services Producing Industries,Business Services,216.5
1963,Gross Domestic Product At Current Market Prices,Services Producing Industries,Other Services Industries,424
1964,Gross Domestic Product At Current Market Prices,Goods Producing Industries,Manufacturing,350.7
1964,Gross Domestic Product At Current Market Prices,Goods Producing Industries,Construction,149.2
1964,Gross Domestic Product At Current Market Prices,Goods Producing Industries,Utilities,80.5
1964,Gross Domestic Product At Current Market Prices,Goods Producing Industries,Other Goods Industries,91.2
1964,Gross Domestic Product At Current Market Prices,Services Producing Industries,Wholesale & Retail Trade,634.9
1964,Gross Domestic Product At Current Market Prices,Services Producing Industries,Transportation & Storage,269.7
1964,Gross Domestic Product At Current Market Prices,Services Producing Industries,Accommodation & Food Services,100.8
1964,Gross Domestic Product At Current Market Prices,Services Producing Industries,Information & Communications,57.4
1964,Gross Domestic Product At Current Market Prices,Services Producing Industries,Finance & Insurance,118.3
1964,Gross Domestic Product At Current Market Prices,Services Producing Industries,Business Services,230.1
1964,Gross Domestic Product At Current Market Prices,Services Producing Industries,Other Services Industries,437.7
1965,Gross Domestic Product At Current Market Prices,Goods Producing Industries,Manufacturing,403.9
1965,Gross Domestic Product At Current Market Prices,Goods Producing Industries,Construction,175.2
1965,Gross Domestic Product At Current Market Prices,Goods Producing Industries,Utilities,80.4
1965,Gross Domestic Product At Current Market Prices,Goods Producing Industries,Other Goods Industries,91.6
1965,Gross Domestic Product At Current Market Prices,Services Producing Industries,Wholesale & Retail Trade,665.6
1965,Gross Domestic Product At Current Market Prices,Services Producing Industries,Transportation & Storage,294.2
1965,Gross Domestic Product At Current Market Prices,Services Producing Industries,Accommodation & Food Services,105.2
1965,Gross Domestic Product At Current Market Prices,Services Producing Industries,Information & Communications,59.3
1965,Gross Domestic Product At Current Market Prices,Services Producing Industries,Finance & Insurance,130.3
1965,Gross Domestic Product At Current Market Prices,Services Producing Industries,Business Services,261.3
1965,Gross Domestic Product At Current Market Prices,Services Producing Industries,Other Services Industries,464.8
1966,Gross Domestic Product At Current Market Prices,Goods Producing Industries,Manufacturing,473
1966,Gross Domestic Product At Current Market Prices,Goods Producing Industries,Construction,175.1
1966,Gross Domestic Product At Current Market Prices,Goods Producing Industries,Utilities,96.6
1966,Gross Domestic Product At Current Market Prices,Goods Producing Industries,Other Goods Industries,109.8
1966,Gross Domestic Product At Current Market Prices,Services Producing Industries,Wholesale & Retail Trade,795.5
1966,Gross Domestic Product At Current Market Prices,Services Producing Industries,Transportation & Storage,310.3
1966,Gross Domestic Product At Current Market Prices,Services Producing Industries,Accommodation & Food Services,114.9
1966,Gross Domestic Product At Current Market Prices,Services Producing Industries,Information & Communications,64.6
1966,Gross Domestic Product At Current Market Prices,Services Producing Industries,Finance & Insurance,148.9
1966,Gross Domestic Product At Current Market Prices,Services Producing Industries,Business Services,281.1
1966,Gross Domestic Product At Current Market Prices,Services Producing Industries,Other Services Industries,505.2
1967,Gross Domestic Product At Current Market Prices,Goods Producing Industries,Manufacturing,547.8
1967,Gross Domestic Product At Current Market Prices,Goods Producing Industries,Construction,201.2
1967,Gross Domestic Product At Current Market Prices,Goods Producing Industries,Utilities,119.1
1967,Gross Domestic Product At Current Market Prices,Goods Producing Industries,Other Goods Industries,115.4
1967,Gross Domestic Product At Current Market Prices,Services Producing Industries,Wholesale & Retail Trade,941.2
1967,Gross Domestic Product At Current Market Prices,Services Producing Industries,Transportation & Storage,342
1967,Gross Domestic Product At Current Market Prices,Services Producing Industries,Accommodation & Food Services,132.7
1967,Gross Domestic Product At Current Market Prices,Services Producing Industries,Information & Communications,73.7
1967,Gross Domestic Product At Current Market Prices,Services Producing Industries,Finance & Insurance,165.5
1967,Gross Domestic Product At Current Market Prices,Services Producing Industries,Business Services,331.6
1967,Gross Domestic Product At Current Market Prices,Services Producing Industries,Other Services Industries,530.5
1968,Gross Domestic Product At Current Market Prices,Goods Producing Industries,Manufacturing,659.3
1968,Gross Domestic Product At Current Market Prices,Goods Producing Industries,Construction,245.3
1968,Gross Domestic Product At Current Market Prices,Goods Producing Industries,Utilities,134.8
1968,Gross Domestic Product At Current Market Prices,Goods Producing Industries,Other Goods Industries,133.1
1968,Gross Domestic Product At Current Market Prices,Services Producing Industries,Wholesale & Retail Trade,1066.2
1968,Gross Domestic Product At Current Market Prices,Services Producing Industries,Transportation & Storage,399.2
1968,Gross Domestic Product At Current Market Prices,Services Producing Industries,Accommodation & Food Services,151.5
1968,Gross Domestic Product At Current Market Prices,Services Producing Industries,Information & Communications,87.2
1968,Gross Domestic Product At Current Market Prices,Services Producing Industries,Finance & Insurance,211.6
1968,Gross Domestic Product At Current Market Prices,Services Producing Industries,Business Services,372.8
1968,Gross Domestic Product At Current Market Prices,Services Producing Industries,Other Services Industries,577.2
1969,Gross Domestic Product At Current Market Prices,Goods Producing Industries,Manufacturing,821.9
1969,Gross Domestic Product At Current Market Prices,Goods Producing Industries,Construction,282.8
1969,Gross Domestic Product At Current Market Prices,Goods Producing Industries,Utilities,146.2
1969,Gross Domestic Product At Current Market Prices,Goods Producing Industries,Other Goods Industries,142.9
1969,Gross Domestic Product At Current Market Prices,Services Producing Industries,Wholesale & Retail Trade,1259.1
1969,Gross Domestic Product At Current Market Prices,Services Producing Industries,Transportation & Storage,459
1969,Gross Domestic Product At Current Market Prices,Services Producing Industries,Accommodation & Food Services,169.4
1969,Gross Domestic Product At Current Market Prices,Services Producing Industries,Information & Communications,94.1
1969,Gross Domestic Product At Current Market Prices,Services Producing Industries,Finance & Insurance,265.7
1969,Gross Domestic Product At Current Market Prices,Services Producing Industries,Business Services,432.6
1969,Gross Domestic Product At Current Market Prices,Services Producing Industries,Other Services Industries,616.6
1970,Gross Domestic Product At Current Market Prices,Goods Producing Industries,Manufacturing,1026.2
1970,Gross Domestic Product At Current Market Prices,Goods Producing Industries,Construction,385.4
1970,Gross Domestic Product At Current Market Prices,Goods Producing Industries,Utilities,168.5
1970,Gross Domestic Product At Current Market Prices,Goods Producing Industries,Other Goods Industries,150.8
1970,Gross Domestic Product At Current Market Prices,Services Producing Industries,Wholesale & Retail Trade,1350.6
1970,Gross Domestic Product At Current Market Prices,Services Producing Industries,Transportation & Storage,529.5
1970,Gross Domestic Product At Current Market Prices,Services Producing Industries,Accommodation & Food Services,191.8
1970,Gross Domestic Product At Current Market Prices,Services Producing Industries,Information & Communications,104.4
1970,Gross Domestic Product At Current Market Prices,Services Producing Industries,Finance & Insurance,298.3
1970,Gross Domestic Product At Current Market Prices,Services Producing Industries,Business Services,508.7
1970,Gross Domestic Product At Current Market Prices,Services Producing Industries,Other Services Industries,683.1
1971,Gross Domestic Product At Current Market Prices,Goods Producing Industries,Manufacturing,1288.8
1971,Gross Domestic Product At Current Market Prices,Goods Producing Industries,Construction,495.4
1971,Gross Domestic Product At Current Market Prices,Goods Producing Industries,Utilities,185.9
1971,Gross Domestic Product At Current Market Prices,Goods Producing Industries,Other Goods Industries,179.1
1971,Gross Domestic Product At Current Market Prices,Services Producing Industries,Wholesale & Retail Trade,1508.8
1971,Gross Domestic Product At Current Market Prices,Services Producing Industries,Transportation & Storage,630.2
1971,Gross Domestic Product At Current Market Prices,Services Producing Industries,Accommodation & Food Services,230.2
1971,Gross Domestic Product At Current Market Prices,Services Producing Industries,Information & Communications,120.1
1971,Gross Domestic Product At Current Market Prices,Services Producing Industries,Finance & Insurance,356.8
1971,Gross Domestic Product At Current Market Prices,Services Producing Industries,Business Services,618.3
1971,Gross Domestic Product At Current Market Prices,Services Producing Industries,Other Services Industries,778.5
1972,Gross Domestic Product At Current Market Prices,Goods Producing Industries,Manufacturing,1674.5
1972,Gross Domestic Product At Current Market Prices,Goods Producing Industries,Construction,677.3
1972,Gross Domestic Product At Current Market Prices,Goods Producing Industries,Utilities,210.3
1972,Gross Domestic Product At Current Market Prices,Goods Producing Industries,Other Goods Industries,183.7
1972,Gross Domestic Product At Current Market Prices,Services Producing Industries,Wholesale & Retail Trade,1662.5
1972,Gross Domestic Product At Current Market Prices,Services Producing Industries,Transportation & Storage,773.3
1972,Gross Domestic Product At Current Market Prices,Services Producing Industries,Accommodation & Food Services,276.7
1972,Gross Domestic Product At Current Market Prices,Services Producing Industries,Information & Communications,144.8
1972,Gross Domestic Product At Current Market Prices,Services Producing Industries,Finance & Insurance,449.2
1972,Gross Domestic Product At Current Market Prices,Services Producing Industries,Business Services,742.4
1972,Gross Domestic Product At Current Market Prices,Services Producing Industries,Other Services Industries,860.8
1973,Gross Domestic Product At Current Market Prices,Goods Producing Industries,Manufacturing,2213.9
1973,Gross Domestic Product At Current Market Prices,Goods Producing Industries,Construction,710.2
1973,Gross Domestic Product At Current Market Prices,Goods Producing Industries,Utilities,246.4
1973,Gross Domestic Product At Current Market Prices,Goods Producing Industries,Other Goods Industries,237.7
1973,Gross Domestic Product At Current Market Prices,Services Producing Industries,Wholesale & Retail Trade,2238.5
1973,Gross Domestic Product At Current Market Prices,Services Producing Industries,Transportation & Storage,945.1
1973,Gross Domestic Product At Current Market Prices,Services Producing Industries,Accommodation & Food Services,358.2
1973,Gross Domestic Product At Current Market Prices,Services Producing Industries,Information & Communications,173.8
1973,Gross Domestic Product At Current Market Prices,Services Producing Industries,Finance & Insurance,626.4
1973,Gross Domestic Product At Current Market Prices,Services Producing Industries,Business Services,884
1973,Gross Domestic Product At Current Market Prices,Services Producing Industries,Other Services Industries,994.5
1974,Gross Domestic Product At Current Market Prices,Goods Producing Industries,Manufacturing,2822.7
1974,Gross Domestic Product At Current Market Prices,Goods Producing Industries,Construction,905.2
1974,Gross Domestic Product At Current Market Prices,Goods Producing Industries,Utilities,266.6
1974,Gross Domestic Product At Current Market Prices,Goods Producing Industries,Other Goods Industries,258
1974,Gross Domestic Product At Current Market Prices,Services Producing Industries,Wholesale & Retail Trade,2879.7
1974,Gross Domestic Product At Current Market Prices,Services Producing Industries,Transportation & Storage,1130.6
1974,Gross Domestic Product At Current Market Prices,Services Producing Industries,Accommodation & Food Services,415.6
1974,Gross Domestic Product At Current Market Prices,Services Producing Industries,Information & Communications,213
1974,Gross Domestic Product At Current Market Prices,Services Producing Industries,Finance & Insurance,792.7
1974,Gross Domestic Product At Current Market Prices,Services Producing Industries,Business Services,1096.8
1974,Gross Domestic Product At Current Market Prices,Services Producing Industries,Other Services Industries,1246.5
1975,Gross Domestic Product At Current Market Prices,Goods Producing Industries,Manufacturing,2942.5
1975,Gross Domestic Product At Current Market Prices,Goods Producing Industries,Construction,1052.3
1975,Gross Domestic Product At Current Market Prices,Goods Producing Industries,Utilities,289.2
1975,Gross Domestic Product At Current Market Prices,Goods Producing Industries,Other Goods Industries,295.9
1975,Gross Domestic Product At Current Market Prices,Services Producing Industries,Wholesale & Retail Trade,2818.1
1975,Gross Domestic Product At Current Market Prices,Services Producing Industries,Transportation & Storage,1261.6
1975,Gross Domestic Product At Current Market Prices,Services Producing Industries,Accommodation & Food Services,463.1
1975,Gross Domestic Product At Current Market Prices,Services Producing Industries,Information & Communications,274
1975,Gross Domestic Product At Current Market Prices,Services Producing Industries,Finance & Insurance,987.5
1975,Gross Domestic Product At Current Market Prices,Services Producing Industries,Business Services,1118.9
1975,Gross Domestic Product At Current Market Prices,Services Producing Industries,Other Services Industries,1399.7
1976,Gross Domestic Product At Current Market Prices,Goods Producing Industries,Manufacturing,3312.7
1976,Gross Domestic Product At Current Market Prices,Goods Producing Industries,Construction,1169.3
1976,Gross Domestic Product At Current Market Prices,Goods Producing Industries,Utilities,315
1976,Gross Domestic Product At Current Market Prices,Goods Producing Industries,Other Goods Industries,306.6
1976,Gross Domestic Product At Current Market Prices,Services Producing Industries,Wholesale & Retail Trade,2930.5
1976,Gross Domestic Product At Current Market Prices,Services Producing Industries,Transportation & Storage,1516.8
1976,Gross Domestic Product At Current Market Prices,Services Producing Industries,Accommodation & Food Services,508.7
1976,Gross Domestic Product At Current Market Prices,Services Producing Industries,Information & Communications,303.3
1976,Gross Domestic Product At Current Market Prices,Services Producing Industries,Finance & Insurance,1088.7
1976,Gross Domestic Product At Current Market Prices,Services Producing Industries,Business Services,1168
1976,Gross Domestic Product At Current Market Prices,Services Producing Industries,Other Services Industries,1484.1
1977,Gross Domestic Product At Current Market Prices,Goods Producing Industries,Manufacturing,3694.5
1977,Gross Domestic Product At Current Market Prices,Goods Producing Industries,Construction,1162.4
1977,Gross Domestic Product At Current Market Prices,Goods Producing Industries,Utilities,334.6
1977,Gross Domestic Product At Current Market Prices,Goods Producing Industries,Other Goods Industries,325.7
1977,Gross Domestic Product At Current Market Prices,Services Producing Industries,Wholesale & Retail Trade,3220.9
1977,Gross Domestic Product At Current Market Prices,Services Producing Industries,Transportation & Storage,1778
1977,Gross Domestic Product At Current Market Prices,Services Producing Industries,Accommodation & Food Services,572.8
1977,Gross Domestic Product At Current Market Prices,Services Producing Industries,Information & Communications,364.4
1977,Gross Domestic Product At Current Market Prices,Services Producing Industries,Finance & Insurance,1131
1977,Gross Domestic Product At Current Market Prices,Services Producing Industries,Business Services,1222.1
1977,Gross Domestic Product At Current Market Prices,Services Producing Industries,Other Services Industries,1545.8
1978,Gross Domestic Product At Current Market Prices,Goods Producing Industries,Manufacturing,4278
1978,Gross Domestic Product At Current Market Prices,Goods Producing Industries,Construction,1084.1
1978,Gross Domestic Product At Current Market Prices,Goods Producing Industries,Utilities,396.2
1978,Gross Domestic Product At Current Market Prices,Goods Producing Industries,Other Goods Industries,305.4
1978,Gross Domestic Product At Current Market Prices,Services Producing Industries,Wholesale & Retail Trade,3519.8
1978,Gross Domestic Product At Current Market Prices,Services Producing Industries,Transportation & Storage,2187.7
1978,Gross Domestic Product At Current Market Prices,Services Producing Industries,Accommodation & Food Services,668.1
1978,Gross Domestic Product At Current Market Prices,Services Producing Industries,Information & Communications,463
1978,Gross Domestic Product At Current Market Prices,Services Producing Industries,Finance & Insurance,1353.2
1978,Gross Domestic Product At Current Market Prices,Services Producing Industries,Business Services,1285.3
1978,Gross Domestic Product At Current Market Prices,Services Producing Industries,Other Services Industries,1682.3
1979,Gross Domestic Product At Current Market Prices,Goods Producing Industries,Manufacturing,5337
1979,Gross Domestic Product At Current Market Prices,Goods Producing Industries,Construction,1187.3
1979,Gross Domestic Product At Current Market Prices,Goods Producing Industries,Utilities,469.4
1979,Gross Domestic Product At Current Market Prices,Goods Producing Industries,Other Goods Industries,327.5
1979,Gross Domestic Product At Current Market Prices,Services Producing Industries,Wholesale & Retail Trade,3881.2
1979,Gross Domestic Product At Current Market Prices,Services Producing Industries,Transportation & Storage,2419.9
1979,Gross Domestic Product At Current Market Prices,Services Producing Industries,Accommodation & Food Services,790.2
1979,Gross Domestic Product At Current Market Prices,Services Producing Industries,Information & Communications,522
1979,Gross Domestic Product At Current Market Prices,Services Producing Industries,Finance & Insurance,1610.7
1979,Gross Domestic Product At Current Market Prices,Services Producing Industries,Business Services,1451.5
1979,Gross Domestic Product At Current Market Prices,Services Producing Industries,Other Services Industries,1863.9
1980,Gross Domestic Product At Current Market Prices,Goods Producing Industries,Manufacturing,6860.6
1980,Gross Domestic Product At Current Market Prices,Goods Producing Industries,Construction,1555.3
1980,Gross Domestic Product At Current Market Prices,Goods Producing Industries,Utilities,605.9
1980,Gross Domestic Product At Current Market Prices,Goods Producing Industries,Other Goods Industries,390.5
1980,Gross Domestic Product At Current Market Prices,Services Producing Industries,Wholesale & Retail Trade,4233.1
1980,Gross Domestic Product At Current Market Prices,Services Producing Industries,Transportation & Storage,2958.1
1980,Gross Domestic Product At Current Market Prices,Services Producing Industries,Accommodation & Food Services,998.9
1980,Gross Domestic Product At Current Market Prices,Services Producing Industries,Information & Communications,630.9
1980,Gross Domestic Product At Current Market Prices,Services Producing Industries,Finance & Insurance,2292.3
1980,Gross Domestic Product At Current Market Prices,Services Producing Industries,Business Services,1800
1980,Gross Domestic Product At Current Market Prices,Services Producing Industries,Other Services Industries,2096.8
1981,Gross Domestic Product At Current Market Prices,Goods Producing Industries,Manufacturing,7816.1
1981,Gross Domestic Product At Current Market Prices,Goods Producing Industries,Construction,2097.7
1981,Gross Domestic Product At Current Market Prices,Goods Producing Industries,Utilities,534.4
1981,Gross Domestic Product At Current Market Prices,Goods Producing Industries,Other Goods Industries,444.1
1981,Gross Domestic Product At Current Market Prices,Services Producing Industries,Wholesale & Retail Trade,4342.8
1981,Gross Domestic Product At Current Market Prices,Services Producing Industries,Transportation & Storage,3382
1981,Gross Domestic Product At Current Market Prices,Services Producing Industries,Accommodation & Food Services,1181.9
1981,Gross Domestic Product At Current Market Prices,Services Producing Industries,Information & Communications,754.2
1981,Gross Domestic Product At Current Market Prices,Services Producing Industries,Finance & Insurance,3145.1
1981,Gross Domestic Product At Current Market Prices,Services Producing Industries,Business Services,2502.2
1981,Gross Domestic Product At Current Market Prices,Services Producing Industries,Other Services Industries,2423.1
1982,Gross Domestic Product At Current Market Prices,Goods Producing Industries,Manufacturing,7572.7
1982,Gross Domestic Product At Current Market Prices,Goods Producing Industries,Construction,3079.3
1982,Gross Domestic Product At Current Market Prices,Goods Producing Industries,Utilities,672.8
1982,Gross Domestic Product At Current Market Prices,Goods Producing Industries,Other Goods Industries,456.5
1982,Gross Domestic Product At Current Market Prices,Services Producing Industries,Wholesale & Retail Trade,4678.9
1982,Gross Domestic Product At Current Market Prices,Services Producing Industries,Transportation & Storage,3662
1982,Gross Domestic Product At Current Market Prices,Services Producing Industries,Accommodation & Food Services,1348.1
1982,Gross Domestic Product At Current Market Prices,Services Producing Industries,Information & Communications,810.3
1982,Gross Domestic Product At Current Market Prices,Services Producing Industries,Finance & Insurance,3657.3
1982,Gross Domestic Product At Current Market Prices,Services Producing Industries,Business Services,3167.6
1982,Gross Domestic Product At Current Market Prices,Services Producing Industries,Other Services Industries,3074.1
1983,Gross Domestic Product At Current Market Prices,Goods Producing Industries,Manufacturing,8165.2
1983,Gross Domestic Product At Current Market Prices,Goods Producing Industries,Construction,4154.9
1983,Gross Domestic Product At Current Market Prices,Goods Producing Industries,Utilities,780.1
1983,Gross Domestic Product At Current Market Prices,Goods Producing Industries,Other Goods Industries,448.5
1983,Gross Domestic Product At Current Market Prices,Services Producing Industries,Wholesale & Retail Trade,4868.4
1983,Gross Domestic Product At Current Market Prices,Services Producing Industries,Transportation & Storage,4181.3
1983,Gross Domestic Product At Current Market Prices,Services Producing Industries,Accommodation & Food Services,1399.4
1983,Gross Domestic Product At Current Market Prices,Services Producing Industries,Information & Communications,856.5
1983,Gross Domestic Product At Current Market Prices,Services Producing Industries,Finance & Insurance,3949.2
1983,Gross Domestic Product At Current Market Prices,Services Producing Industries,Business Services,3475.3
1983,Gross Domestic Product At Current Market Prices,Services Producing Industries,Other Services Industries,3509.8
1984,Gross Domestic Product At Current Market Prices,Goods Producing Industries,Manufacturing,8925.8
1984,Gross Domestic Product At Current Market Prices,Goods Producing Industries,Construction,4883.7
1984,Gross Domestic Product At Current Market Prices,Goods Producing Industries,Utilities,855.9
1984,Gross Domestic Product At Current Market Prices,Goods Producing Industries,Other Goods Industries,446.5
1984,Gross Domestic Product At Current Market Prices,Services Producing Industries,Wholesale & Retail Trade,4982.6
1984,Gross Domestic Product At Current Market Prices,Services Producing Industries,Transportation & Storage,4457.5
1984,Gross Domestic Product At Current Market Prices,Services Producing Industries,Accommodation & Food Services,1410.5
1984,Gross Domestic Product At Current Market Prices,Services Producing Industries,Information & Communications,946.9
1984,Gross Domestic Product At Current Market Prices,Services Producing Industries,Finance & Insurance,4543.1
1984,Gross Domestic Product At Current Market Prices,Services Producing Industries,Business Services,3610
1984,Gross Domestic Product At Current Market Prices,Services Producing Industries,Other Services Industries,3923.4
1985,Gross Domestic Product At Current Market Prices,Goods Producing Industries,Manufacturing,8212.4
1985,Gross Domestic Product At Current Market Prices,Goods Producing Industries,Construction,4041.9
1985,Gross Domestic Product At Current Market Prices,Goods Producing Industries,Utilities,884
1985,Gross Domestic Product At Current Market Prices,Goods Producing Industries,Other Goods Industries,376.4
1985,Gross Domestic Product At Current Market Prices,Services Producing Industries,Wholesale & Retail Trade,4676.6
1985,Gross Domestic Product At Current Market Prices,Services Producing Industries,Transportation & Storage,4640.8
1985,Gross Domestic Product At Current Market Prices,Services Producing Industries,Accommodation & Food Services,1388.7
1985,Gross Domestic Product At Current Market Prices,Services Producing Industries,Information & Communications,957
1985,Gross Domestic Product At Current Market Prices,Services Producing Industries,Finance & Insurance,5060.7
1985,Gross Domestic Product At Current Market Prices,Services Producing Industries,Business Services,3393.7
1985,Gross Domestic Product At Current Market Prices,Services Producing Industries,Other Services Industries,4306.6
1986,Gross Domestic Product At Current Market Prices,Goods Producing Industries,Manufacturing,9240.1
1986,Gross Domestic Product At Current Market Prices,Goods Producing Industries,Construction,3135.5
1986,Gross Domestic Product At Current Market Prices,Goods Producing Industries,Utilities,1163
1986,Gross Domestic Product At Current Market Prices,Goods Producing Industries,Other Goods Industries,293.2
1986,Gross Domestic Product At Current Market Prices,Services Producing Industries,Wholesale & Retail Trade,4654.9
1986,Gross Domestic Product At Current Market Prices,Services Producing Industries,Transportation & Storage,4685.8
1986,Gross Domestic Product At Current Market Prices,Services Producing Industries,Accommodation & Food Services,1367.2
1986,Gross Domestic Product At Current Market Prices,Services Producing Industries,Information & Communications,973.2
1986,Gross Domestic Product At Current Market Prices,Services Producing Industries,Finance & Insurance,4829.6
1986,Gross Domestic Product At Current Market Prices,Services Producing Industries,Business Services,3330.6
1986,Gross Domestic Product At Current Market Prices,Services Producing Industries,Other Services Industries,4317.2
1987,Gross Domestic Product At Current Market Prices,Goods Producing Industries,Manufacturing,10964.2
1987,Gross Domestic Product At Current Market Prices,Goods Producing Industries,Construction,2836.2
1987,Gross Domestic Product At Current Market Prices,Goods Producing Industries,Utilities,1046.1
1987,Gross Domestic Product At Current Market Prices,Goods Producing Industries,Other Goods Industries,250.8
1987,Gross Domestic Product At Current Market Prices,Services Producing Industries,Wholesale & Retail Trade,5234.6
1987,Gross Domestic Product At Current Market Prices,Services Producing Industries,Transportation & Storage,5179.1
1987,Gross Domestic Product At Current Market Prices,Services Producing Industries,Accommodation & Food Services,1471.1
1987,Gross Domestic Product At Current Market Prices,Services Producing Industries,Information & Communications,1105.2
1987,Gross Domestic Product At Current Market Prices,Services Producing Industries,Finance & Insurance,5833.5
1987,Gross Domestic Product At Current Market Prices,Services Producing Industries,Business Services,3462.7
1987,Gross Domestic Product At Current Market Prices,Services Producing Industries,Other Services Industries,4566
1988,Gross Domestic Product At Current Market Prices,Goods Producing Industries,Manufacturing,13920.8
1988,Gross Domestic Product At Current Market Prices,Goods Producing Industries,Construction,2758.3
1988,Gross Domestic Product At Current Market Prices,Goods Producing Industries,Utilities,1248.5
1988,Gross Domestic Product At Current Market Prices,Goods Producing Industries,Other Goods Industries,222.8
1988,Gross Domestic Product At Current Market Prices,Services Producing Industries,Wholesale & Retail Trade,6165.9
1988,Gross Domestic Product At Current Market Prices,Services Producing Industries,Transportation & Storage,6079.4
1988,Gross Domestic Product At Current Market Prices,Services Producing Industries,Accommodation & Food Services,1719.4
1988,Gross Domestic Product At Current Market Prices,Services Producing Industries,Information & Communications,1336.1
1988,Gross Domestic Product At Current Market Prices,Services Producing Industries,Finance & Insurance,6185.6
1988,Gross Domestic Product At Current Market Prices,Services Producing Industries,Business Services,4315.3
1988,Gross Domestic Product At Current Market Prices,Services Producing Industries,Other Services Industries,5093.8
1989,Gross Domestic Product At Current Market Prices,Goods Producing Industries,Manufacturing,15496.2
1989,Gross Domestic Product At Current Market Prices,Goods Producing Industries,Construction,2960.5
1989,Gross Domestic Product At Current Market Prices,Goods Producing Industries,Utilities,1216.7
1989,Gross Domestic Product At Current Market Prices,Goods Producing Industries,Other Goods Industries,218.2
1989,Gross Domestic Product At Current Market Prices,Services Producing Industries,Wholesale & Retail Trade,6749
1989,Gross Domestic Product At Current Market Prices,Services Producing Industries,Transportation & Storage,6963.6
1989,Gross Domestic Product At Current Market Prices,Services Producing Industries,Accommodation & Food Services,2100.9
1989,Gross Domestic Product At Current Market Prices,Services Producing Industries,Information & Communications,1584.3
1989,Gross Domestic Product At Current Market Prices,Services Producing Industries,Finance & Insurance,7123.8
1989,Gross Domestic Product At Current Market Prices,Services Producing Industries,Business Services,5492.2
1989,Gross Domestic Product At Current Market Prices,Services Producing Industries,Other Services Industries,5891.3
1990,Gross Domestic Product At Current Market Prices,Goods Producing Industries,Manufacturing,17201.5
1990,Gross Domestic Product At Current Market Prices,Goods Producing Industries,Construction,3222
1990,Gross Domestic Product At Current Market Prices,Goods Producing Industries,Utilities,1322.1
1990,Gross Domestic Product At Current Market Prices,Goods Producing Industries,Other Goods Industries,228
1990,Gross Domestic Product At Current Market Prices,Services Producing Industries,Wholesale & Retail Trade,8661.7
1990,Gross Domestic Product At Current Market Prices,Services Producing Industries,Transportation & Storage,7617.2
1990,Gross Domestic Product At Current Market Prices,Services Producing Industries,Accommodation & Food Services,2373
1990,Gross Domestic Product At Current Market Prices,Services Producing Industries,Information & Communications,1807.9
1990,Gross Domestic Product At Current Market Prices,Services Producing Industries,Finance & Insurance,9180.4
1990,Gross Domestic Product At Current Market Prices,Services Producing Industries,Business Services,6644.2
1990,Gross Domestic Product At Current Market Prices,Services Producing Industries,Other Services Industries,6560.5
1991,Gross Domestic Product At Current Market Prices,Goods Producing Industries,Manufacturing,19990.2
1991,Gross Domestic Product At Current Market Prices,Goods Producing Industries,Construction,4255.5
1991,Gross Domestic Product At Current Market Prices,Goods Producing Industries,Utilities,1362.5
1991,Gross Domestic Product At Current Market Prices,Goods Producing Industries,Other Goods Industries,196.4
1991,Gross Domestic Product At Current Market Prices,Services Producing Industries,Wholesale & Retail Trade,9799.5
1991,Gross Domestic Product At Current Market Prices,Services Producing Industries,Transportation & Storage,8742.8
1991,Gross Domestic Product At Current Market Prices,Services Producing Industries,Accommodation & Food Services,2448.2
1991,Gross Domestic Product At Current Market Prices,Services Producing Industries,Information & Communications,2125.7
1991,Gross Domestic Product At Current Market Prices,Services Producing Industries,Finance & Insurance,8848.7
1991,Gross Domestic Product At Current Market Prices,Services Producing Industries,Business Services,7447.8
1991,Gross Domestic Product At Current Market Prices,Services Producing Industries,Other Services Industries,7332.5
1992,Gross Domestic Product At Current Market Prices,Goods Producing Industries,Manufacturing,20678.7
1992,Gross Domestic Product At Current Market Prices,Goods Producing Industries,Construction,5310.3
1992,Gross Domestic Product At Current Market Prices,Goods Producing Industries,Utilities,1424.4
1992,Gross Domestic Product At Current Market Prices,Goods Producing Industries,Other Goods Industries,167.6
1992,Gross Domestic Product At Current Market Prices,Services Producing Industries,Wholesale & Retail Trade,9895.3
1992,Gross Domestic Product At Current Market Prices,Services Producing Industries,Transportation & Storage,8748.5
1992,Gross Domestic Product At Current Market Prices,Services Producing Industries,Accommodation & Food Services,2633.6
1992,Gross Domestic Product At Current Market Prices,Services Producing Industries,Information & Communications,2451.3
1992,Gross Domestic Product At Current Market Prices,Services Producing Industries,Finance & Insurance,10015.1
1992,Gross Domestic Product At Current Market Prices,Services Producing Industries,Business Services,8485.1
1992,Gross Domestic Product At Current Market Prices,Services Producing Industries,Other Services Industries,7955.6
1993,Gross Domestic Product At Current Market Prices,Goods Producing Industries,Manufacturing,23969.8
1993,Gross Domestic Product At Current Market Prices,Goods Producing Industries,Construction,5851.3
1993,Gross Domestic Product At Current Market Prices,Goods Producing Industries,Utilities,1653.1
1993,Gross Domestic Product At Current Market Prices,Goods Producing Industries,Other Goods Industries,169.2
1993,Gross Domestic Product At Current Market Prices,Services Producing Industries,Wholesale & Retail Trade,12069.3
1993,Gross Domestic Product At Current Market Prices,Services Producing Industries,Transportation & Storage,9744.6
1993,Gross Domestic Product At Current Market Prices,Services Producing Industries,Accommodation & Food Services,2826.3
1993,Gross Domestic Product At Current Market Prices,Services Producing Industries,Information & Communications,2883.4
1993,Gross Domestic Product At Current Market Prices,Services Producing Industries,Finance & Insurance,11598.4
1993,Gross Domestic Product At Current Market Prices,Services Producing Industries,Business Services,9483.2
1993,Gross Domestic Product At Current Market Prices,Services Producing Industries,Other Services Industries,8792
1994,Gross Domestic Product At Current Market Prices,Goods Producing Industries,Manufacturing,26613.3
1994,Gross Domestic Product At Current Market Prices,Goods Producing Industries,Construction,6821.6
1994,Gross Domestic Product At Current Market Prices,Goods Producing Industries,Utilities,1827.9
1994,Gross Domestic Product At Current Market Prices,Goods Producing Industries,Other Goods Industries,194.9
1994,Gross Domestic Product At Current Market Prices,Services Producing Industries,Wholesale & Retail Trade,13740
1994,Gross Domestic Product At Current Market Prices,Services Producing Industries,Transportation & Storage,10944
1994,Gross Domestic Product At Current Market Prices,Services Producing Industries,Accommodation & Food Services,2994.8
1994,Gross Domestic Product At Current Market Prices,Services Producing Industries,Information & Communications,3203.5
1994,Gross Domestic Product At Current Market Prices,Services Producing Industries,Finance & Insurance,12579.3
1994,Gross Domestic Product At Current Market Prices,Services Producing Industries,Business Services,11802.1
1994,Gross Domestic Product At Current Market Prices,Services Producing Industries,Other Services Industries,10258.6
1995,Gross Domestic Product At Current Market Prices,Goods Producing Industries,Manufacturing,29869.7
1995,Gross Domestic Product At Current Market Prices,Goods Producing Industries,Construction,7331
1995,Gross Domestic Product At Current Market Prices,Goods Producing Industries,Utilities,2015.5
1995,Gross Domestic Product At Current Market Prices,Goods Producing Industries,Other Goods Industries,180.3
1995,Gross Domestic Product At Current Market Prices,Services Producing Industries,Wholesale & Retail Trade,15405.6
1995,Gross Domestic Product At Current Market Prices,Services Producing Industries,Transportation & Storage,11978.2
1995,Gross Domestic Product At Current Market Prices,Services Producing Industries,Accommodation & Food Services,3244.2
1995,Gross Domestic Product At Current Market Prices,Services Producing Industries,Information & Communications,3713.2
1995,Gross Domestic Product At Current Market Prices,Services Producing Industries,Finance & Insurance,13019.4
1995,Gross Domestic Product At Current Market Prices,Services Producing Industries,Business Services,13711.6
1995,Gross Domestic Product At Current Market Prices,Services Producing Industries,Other Services Industries,10943.2
1996,Gross Domestic Product At Current Market Prices,Goods Producing Industries,Manufacturing,31474.1
1996,Gross Domestic Product At Current Market Prices,Goods Producing Industries,Construction,9087.5
1996,Gross Domestic Product At Current Market Prices,Goods Producing Industries,Utilities,2307.5
1996,Gross Domestic Product At Current Market Prices,Goods Producing Industries,Other Goods Industries,203.7
1996,Gross Domestic Product At Current Market Prices,Services Producing Industries,Wholesale & Retail Trade,16994.9
1996,Gross Domestic Product At Current Market Prices,Services Producing Industries,Transportation & Storage,12466.8
1996,Gross Domestic Product At Current Market Prices,Services Producing Industries,Accommodation & Food Services,3446.3
1996,Gross Domestic Product At Current Market Prices,Services Producing Industries,Information & Communications,4003
1996,Gross Domestic Product At Current Market Prices,Services Producing Industries,Finance & Insurance,14171.9
1996,Gross Domestic Product At Current Market Prices,Services Producing Industries,Business Services,15649.9
1996,Gross Domestic Product At Current Market Prices,Services Producing Industries,Other Services Industries,12296.9
1997,Gross Domestic Product At Current Market Prices,Goods Producing Industries,Manufacturing,32927.4
1997,Gross Domestic Product At Current Market Prices,Goods Producing Industries,Construction,10535.5
1997,Gross Domestic Product At Current Market Prices,Goods Producing Industries,Utilities,2712.8
1997,Gross Domestic Product At Current Market Prices,Goods Producing Industries,Other Goods Industries,197.6
1997,Gross Domestic Product At Current Market Prices,Services Producing Industries,Wholesale & Retail Trade,17540.6
1997,Gross Domestic Product At Current Market Prices,Services Producing Industries,Transportation & Storage,13174.3
1997,Gross Domestic Product At Current Market Prices,Services Producing Industries,Accommodation & Food Services,3722.5
1997,Gross Domestic Product At Current Market Prices,Services Producing Industries,Information & Communications,4481.4
1997,Gross Domestic Product At Current Market Prices,Services Producing Industries,Finance & Insurance,17877.8
1997,Gross Domestic Product At Current Market Prices,Services Producing Industries,Business Services,17075.9
1997,Gross Domestic Product At Current Market Prices,Services Producing Industries,Other Services Industries,13397.1
1998,Gross Domestic Product At Current Market Prices,Goods Producing Industries,Manufacturing,32524.1
1998,Gross Domestic Product At Current Market Prices,Goods Producing Industries,Construction,10649.1
1998,Gross Domestic Product At Current Market Prices,Goods Producing Industries,Utilities,2798.1
1998,Gross Domestic Product At Current Market Prices,Goods Producing Industries,Other Goods Industries,159.8
1998,Gross Domestic Product At Current Market Prices,Services Producing Industries,Wholesale & Retail Trade,16184
1998,Gross Domestic Product At Current Market Prices,Services Producing Industries,Transportation & Storage,12876.1
1998,Gross Domestic Product At Current Market Prices,Services Producing Industries,Accommodation & Food Services,3484.9
1998,Gross Domestic Product At Current Market Prices,Services Producing Industries,Information & Communications,4610.7
1998,Gross Domestic Product At Current Market Prices,Services Producing Industries,Finance & Insurance,17034.3
1998,Gross Domestic Product At Current Market Prices,Services Producing Industries,Business Services,16094.8
1998,Gross Domestic Product At Current Market Prices,Services Producing Industries,Other Services Industries,13522
1999,Gross Domestic Product At Current Market Prices,Goods Producing Industries,Manufacturing,33390
1999,Gross Domestic Product At Current Market Prices,Goods Producing Industries,Construction,9047.1
1999,Gross Domestic Product At Current Market Prices,Goods Producing Industries,Utilities,2647.2
1999,Gross Domestic Product At Current Market Prices,Goods Producing Industries,Other Goods Industries,162.7
1999,Gross Domestic Product At Current Market Prices,Services Producing Industries,Wholesale & Retail Trade,18412.1
1999,Gross Domestic Product At Current Market Prices,Services Producing Industries,Transportation & Storage,13997.4
1999,Gross Domestic Product At Current Market Prices,Services Producing Industries,Accommodation & Food Services,3591.9
1999,Gross Domestic Product At Current Market Prices,Services Producing Industries,Information & Communications,5226
1999,Gross Domestic Product At Current Market Prices,Services Producing Industries,Finance & Insurance,15403.4
1999,Gross Domestic Product At Current Market Prices,Services Producing Industries,Business Services,16191.9
1999,Gross Domestic Product At Current Market Prices,Services Producing Industries,Other Services Industries,13728
2000,Gross Domestic Product At Current Market Prices,Goods Producing Industries,Manufacturing,42726.7
2000,Gross Domestic Product At Current Market Prices,Goods Producing Industries,Construction,8187.7
2000,Gross Domestic Product At Current Market Prices,Goods Producing Industries,Utilities,2723.1
2000,Gross Domestic Product At Current Market Prices,Goods Producing Industries,Other Goods Industries,152.2
2000,Gross Domestic Product At Current Market Prices,Services Producing Industries,Wholesale & Retail Trade,20674.8
2000,Gross Domestic Product At Current Market Prices,Services Producing Industries,Transportation & Storage,15444.8
2000,Gross Domestic Product At Current Market Prices,Services Producing Industries,Accommodation & Food Services,3802.1
2000,Gross Domestic Product At Current Market Prices,Services Producing Industries,Information & Communications,5651
2000,Gross Domestic Product At Current Market Prices,Services Producing Industries,Finance & Insurance,15452.1
2000,Gross Domestic Product At Current Market Prices,Services Producing Industries,Business Services,17661.3
2000,Gross Domestic Product At Current Market Prices,Services Producing Industries,Other Services Industries,15745.9
2001,Gross Domestic Product At Current Market Prices,Goods Producing Industries,Manufacturing,37387.5
2001,Gross Domestic Product At Current Market Prices,Goods Producing Industries,Construction,7729.2
2001,Gross Domestic Product At Current Market Prices,Goods Producing Industries,Utilities,3436
2001,Gross Domestic Product At Current Market Prices,Goods Producing Industries,Other Goods Industries,132.2
2001,Gross Domestic Product At Current Market Prices,Services Producing Industries,Wholesale & Retail Trade,20179.5
2001,Gross Domestic Product At Current Market Prices,Services Producing Industries,Transportation & Storage,14114.2
2001,Gross Domestic Product At Current Market Prices,Services Producing Industries,Accommodation & Food Services,3834.2
2001,Gross Domestic Product At Current Market Prices,Services Producing Industries,Information & Communications,6667.7
2001,Gross Domestic Product At Current Market Prices,Services Producing Industries,Finance & Insurance,15965.9
2001,Gross Domestic Product At Current Market Prices,Services Producing Industries,Business Services,17485.6
2001,Gross Domestic Product At Current Market Prices,Services Producing Industries,Other Services Industries,17458
2002,Gross Domestic Product At Current Market Prices,Goods Producing Industries,Manufacturing,40547.7
2002,Gross Domestic Product At Current Market Prices,Goods Producing Industries,Construction,6614.8
2002,Gross Domestic Product At Current Market Prices,Goods Producing Industries,Utilities,3256.7
2002,Gross Domestic Product At Current Market Prices,Goods Producing Industries,Other Goods Industries,117.4
2002,Gross Domestic Product At Current Market Prices,Services Producing Industries,Wholesale & Retail Trade,22190.2
2002,Gross Domestic Product At Current Market Prices,Services Producing Industries,Transportation & Storage,14026.6
2002,Gross Domestic Product At Current Market Prices,Services Producing Industries,Accommodation & Food Services,3692.3
2002,Gross Domestic Product At Current Market Prices,Services Producing Industries,Information & Communications,6456.7
2002,Gross Domestic Product At Current Market Prices,Services Producing Industries,Finance & Insurance,16289.4
2002,Gross Domestic Product At Current Market Prices,Services Producing Industries,Business Services,18292.3
2002,Gross Domestic Product At Current Market Prices,Services Producing Industries,Other Services Industries,18810.1
2003,Gross Domestic Product At Current Market Prices,Goods Producing Industries,Manufacturing,41504.2
2003,Gross Domestic Product At Current Market Prices,Goods Producing Industries,Construction,6019.7
2003,Gross Domestic Product At Current Market Prices,Goods Producing Industries,Utilities,3251.1
2003,Gross Domestic Product At Current Market Prices,Goods Producing Industries,Other Goods Industries,103.8
2003,Gross Domestic Product At Current Market Prices,Services Producing Industries,Wholesale & Retail Trade,22833.9
2003,Gross Domestic Product At Current Market Prices,Services Producing Industries,Transportation & Storage,15952.8
2003,Gross Domestic Product At Current Market Prices,Services Producing Industries,Accommodation & Food Services,3475.7
2003,Gross Domestic Product At Current Market Prices,Services Producing Industries,Information & Communications,6908.1
2003,Gross Domestic Product At Current Market Prices,Services Producing Industries,Finance & Insurance,16441.3
2003,Gross Domestic Product At Current Market Prices,Services Producing Industries,Business Services,18429.2
2003,Gross Domestic Product At Current Market Prices,Services Producing Industries,Other Services Industries,18967.4
2004,Gross Domestic Product At Current Market Prices,Goods Producing Industries,Manufacturing,51732
2004,Gross Domestic Product At Current Market Prices,Goods Producing Industries,Construction,5844.6
2004,Gross Domestic Product At Current Market Prices,Goods Producing Industries,Utilities,3417.5
2004,Gross Domestic Product At Current Market Prices,Goods Producing Industries,Other Goods Industries,108
2004,Gross Domestic Product At Current Market Prices,Services Producing Industries,Wholesale & Retail Trade,27721.7
2004,Gross Domestic Product At Current Market Prices,Services Producing Industries,Transportation & Storage,19141.3
2004,Gross Domestic Product At Current Market Prices,Services Producing Industries,Accommodation & Food Services,3862.1
2004,Gross Domestic Product At Current Market Prices,Services Producing Industries,Information & Communications,7383.4
2004,Gross Domestic Product At Current Market Prices,Services Producing Industries,Finance & Insurance,18069.4
2004,Gross Domestic Product At Current Market Prices,Services Producing Industries,Business Services,20084.1
2004,Gross Domestic Product At Current Market Prices,Services Producing Industries,Other Services Industries,20179.6
2005,Gross Domestic Product At Current Market Prices,Goods Producing Industries,Manufacturing,56278.3
2005,Gross Domestic Product At Current Market Prices,Goods Producing Industries,Construction,6025.2
2005,Gross Domestic Product At Current Market Prices,Goods Producing Industries,Utilities,3253.8
2005,Gross Domestic Product At Current Market Prices,Goods Producing Industries,Other Goods Industries,116.8
2005,Gross Domestic Product At Current Market Prices,Services Producing Industries,Wholesale & Retail Trade,34727.2
2005,Gross Domestic Product At Current Market Prices,Services Producing Industries,Transportation & Storage,20736.1
2005,Gross Domestic Product At Current Market Prices,Services Producing Industries,Accommodation & Food Services,4003.3
2005,Gross Domestic Product At Current Market Prices,Services Producing Industries,Information & Communications,7923.1
2005,Gross Domestic Product At Current Market Prices,Services Producing Industries,Finance & Insurance,19768.9
2005,Gross Domestic Product At Current Market Prices,Services Producing Industries,Business Services,22544.1
2005,Gross Domestic Product At Current Market Prices,Services Producing Industries,Other Services Industries,20883.2
2006,Gross Domestic Product At Current Market Prices,Goods Producing Industries,Manufacturing,61078
2006,Gross Domestic Product At Current Market Prices,Goods Producing Industries,Construction,6525.8
2006,Gross Domestic Product At Current Market Prices,Goods Producing Industries,Utilities,3740.6
2006,Gross Domestic Product At Current Market Prices,Goods Producing Industries,Other Goods Industries,115.1
2006,Gross Domestic Product At Current Market Prices,Services Producing Industries,Wholesale & Retail Trade,42165.3
2006,Gross Domestic Product At Current Market Prices,Services Producing Industries,Transportation & Storage,20880.8
2006,Gross Domestic Product At Current Market Prices,Services Producing Industries,Accommodation & Food Services,4314.4
2006,Gross Domestic Product At Current Market Prices,Services Producing Industries,Information & Communications,8358.2
2006,Gross Domestic Product At Current Market Prices,Services Producing Industries,Finance & Insurance,23324.5
2006,Gross Domestic Product At Current Market Prices,Services Producing Industries,Business Services,24826.2
2006,Gross Domestic Product At Current Market Prices,Services Producing Industries,Other Services Industries,22622.5
2007,Gross Domestic Product At Current Market Prices,Goods Producing Industries,Manufacturing,62960
2007,Gross Domestic Product At Current Market Prices,Goods Producing Industries,Construction,8151.4
2007,Gross Domestic Product At Current Market Prices,Goods Producing Industries,Utilities,3942.5
2007,Gross Domestic Product At Current Market Prices,Goods Producing Industries,Other Goods Industries,116.6
2007,Gross Domestic Product At Current Market Prices,Services Producing Industries,Wholesale & Retail Trade,49415.7
2007,Gross Domestic Product At Current Market Prices,Services Producing Industries,Transportation & Storage,24807.3
2007,Gross Domestic Product At Current Market Prices,Services Producing Industries,Accommodation & Food Services,4881.2
2007,Gross Domestic Product At Current Market Prices,Services Producing Industries,Information & Communications,9044.6
2007,Gross Domestic Product At Current Market Prices,Services Producing Industries,Finance & Insurance,29123.5
2007,Gross Domestic Product At Current Market Prices,Services Producing Industries,Business Services,31034.1
2007,Gross Domestic Product At Current Market Prices,Services Producing Industries,Other Services Industries,24309.8
2008,Gross Domestic Product At Current Market Prices,Goods Producing Industries,Manufacturing,54432.5
2008,Gross Domestic Product At Current Market Prices,Goods Producing Industries,Construction,11987.7
2008,Gross Domestic Product At Current Market Prices,Goods Producing Industries,Utilities,4015.2
2008,Gross Domestic Product At Current Market Prices,Goods Producing Industries,Other Goods Industries,113.2
2008,Gross Domestic Product At Current Market Prices,Services Producing Industries,Wholesale & Retail Trade,45365.5
2008,Gross Domestic Product At Current Market Prices,Services Producing Industries,Transportation & Storage,25333.5
2008,Gross Domestic Product At Current Market Prices,Services Producing Industries,Accommodation & Food Services,5342.2
2008,Gross Domestic Product At Current Market Prices,Services Producing Industries,Information & Communications,9573.3
2008,Gross Domestic Product At Current Market Prices,Services Producing Industries,Finance & Insurance,29202.7
2008,Gross Domestic Product At Current Market Prices,Services Producing Industries,Business Services,36195.9
2008,Gross Domestic Product At Current Market Prices,Services Producing Industries,Other Services Industries,26020.5
2009,Gross Domestic Product At Current Market Prices,Goods Producing Industries,Manufacturing,55038.6
2009,Gross Domestic Product At Current Market Prices,Goods Producing Industries,Construction,14997.4
2009,Gross Domestic Product At Current Market Prices,Goods Producing Industries,Utilities,4069
2009,Gross Domestic Product At Current Market Prices,Goods Producing Industries,Other Goods Industries,114.6
2009,Gross Domestic Product At Current Market Prices,Services Producing Industries,Wholesale & Retail Trade,50432.3
2009,Gross Domestic Product At Current Market Prices,Services Producing Industries,Transportation & Storage,21529.9
2009,Gross Domestic Product At Current Market Prices,Services Producing Industries,Accommodation & Food Services,4920.3
2009,Gross Domestic Product At Current Market Prices,Services Producing Industries,Information & Communications,10453.3
2009,Gross Domestic Product At Current Market Prices,Services Producing Industries,Finance & Insurance,30732.3
2009,Gross Domestic Product At Current Market Prices,Services Producing Industries,Business Services,36269
2009,Gross Domestic Product At Current Market Prices,Services Producing Industries,Other Services Industries,27008
2010,Gross Domestic Product At Current Market Prices,Goods Producing Industries,Manufacturing,65039.8
2010,Gross Domestic Product At Current Market Prices,Goods Producing Industries,Construction,14221.2
2010,Gross Domestic Product At Current Market Prices,Goods Producing Industries,Utilities,4850.9
2010,Gross Domestic Product At Current Market Prices,Goods Producing Industries,Other Goods Industries,118.4
2010,Gross Domestic Product At Current Market Prices,Services Producing Industries,Wholesale & Retail Trade,58449.2
2010,Gross Domestic Product At Current Market Prices,Services Producing Industries,Transportation & Storage,25422.8
2010,Gross Domestic Product At Current Market Prices,Services Producing Industries,Accommodation & Food Services,5921.2
2010,Gross Domestic Product At Current Market Prices,Services Producing Industries,Information & Communications,11072.5
2010,Gross Domestic Product At Current Market Prices,Services Producing Industries,Finance & Insurance,33154.2
2010,Gross Domestic Product At Current Market Prices,Services Producing Industries,Business Services,42119.3
2010,Gross Domestic Product At Current Market Prices,Services Producing Industries,Other Services Industries,32544.2
2011,Gross Domestic Product At Current Market Prices,Goods Producing Industries,Manufacturing,65901.1
2011,Gross Domestic Product At Current Market Prices,Goods Producing Industries,Construction,14815.7
2011,Gross Domestic Product At Current Market Prices,Goods Producing Industries,Utilities,5148.2
2011,Gross Domestic Product At Current Market Prices,Goods Producing Industries,Other Goods Industries,119.9
2011,Gross Domestic Product At Current Market Prices,Services Producing Industries,Wholesale & Retail Trade,67452.2
2011,Gross Domestic Product At Current Market Prices,Services Producing Industries,Transportation & Storage,22223.8
2011,Gross Domestic Product At Current Market Prices,Services Producing Industries,Accommodation & Food Services,6984.2
2011,Gross Domestic Product At Current Market Prices,Services Producing Industries,Information & Communications,12451.7
2011,Gross Domestic Product At Current Market Prices,Services Producing Industries,Finance & Insurance,34871.4
2011,Gross Domestic Product At Current Market Prices,Services Producing Industries,Business Services,47524.5
2011,Gross Domestic Product At Current Market Prices,Services Producing Industries,Other Services Industries,35855
2012,Gross Domestic Product At Current Market Prices,Goods Producing Industries,Manufacturing,67680.4
2012,Gross Domestic Product At Current Market Prices,Goods Producing Industries,Construction,16450.5
2012,Gross Domestic Product At Current Market Prices,Goods Producing Industries,Utilities,5372.9
2012,Gross Domestic Product At Current Market Prices,Goods Producing Industries,Other Goods Industries,120.5
2012,Gross Domestic Product At Current Market Prices,Services Producing Industries,Wholesale & Retail Trade,66943.2
2012,Gross Domestic Product At Current Market Prices,Services Producing Industries,Transportation & Storage,23674.3
2012,Gross Domestic Product At Current Market Prices,Services Producing Industries,Accommodation & Food Services,7482.4
2012,Gross Domestic Product At Current Market Prices,Services Producing Industries,Information & Communications,13521.3
2012,Gross Domestic Product At Current Market Prices,Services Producing Industries,Finance & Insurance,37266.9
2012,Gross Domestic Product At Current Market Prices,Services Producing Industries,Business Services,51180.3
2012,Gross Domestic Product At Current Market Prices,Services Producing Industries,Other Services Industries,37418
2013,Gross Domestic Product At Current Market Prices,Goods Producing Industries,Manufacturing,65749.8
2013,Gross Domestic Product At Current Market Prices,Goods Producing Industries,Construction,17200.1
2013,Gross Domestic Product At Current Market Prices,Goods Producing Industries,Utilities,5254.3
2013,Gross Domestic Product At Current Market Prices,Goods Producing Industries,Other Goods Industries,129.4
2013,Gross Domestic Product At Current Market Prices,Services Producing Industries,Wholesale & Retail Trade,68313.8
2013,Gross Domestic Product At Current Market Prices,Services Producing Industries,Transportation & Storage,24704.6
2013,Gross Domestic Product At Current Market Prices,Services Producing Industries,Accommodation & Food Services,7797.1
2013,Gross Domestic Product At Current Market Prices,Services Producing Industries,Information & Communications,14645.6
2013,Gross Domestic Product At Current Market Prices,Services Producing Industries,Finance & Insurance,42515.9
2013,Gross Domestic Product At Current Market Prices,Services Producing Industries,Business Services,56078.7
2013,Gross Domestic Product At Current Market Prices,Services Producing Industries,Other Services Industries,40094.7
2014,Gross Domestic Product At Current Market Prices,Goods Producing Industries,Manufacturing,70120.5
2014,Gross Domestic Product At Current Market Prices,Goods Producing Industries,Construction,19241.1
2014,Gross Domestic Product At Current Market Prices,Goods Producing Industries,Utilities,5468.4
2014,Gross Domestic Product At Current Market Prices,Goods Producing Industries,Other Goods Industries,138.1
2014,Gross Domestic Product At Current Market Prices,Services Producing Industries,Wholesale & Retail Trade,63616.8
2014,Gross Domestic Product At Current Market Prices,Services Producing Industries,Transportation & Storage,27183.4
2014,Gross Domestic Product At Current Market Prices,Services Producing Industries,Accommodation & Food Services,8225.1
2014,Gross Domestic Product At Current Market Prices,Services Producing Industries,Information & Communications,15671.6
2014,Gross Domestic Product At Current Market Prices,Services Producing Industries,Finance & Insurance,45836.8
2014,Gross Domestic Product At Current Market Prices,Services Producing Industries,Business Services,58235.7
2014,Gross Domestic Product At Current Market Prices,Services Producing Industries,Other Services Industries,42403.4
2015,Gross Domestic Product At Current Market Prices,Goods Producing Industries,Manufacturing,75151.7
2015,Gross Domestic Product At Current Market Prices,Goods Producing Industries,Construction,20458.2
2015,Gross Domestic Product At Current Market Prices,Goods Producing Industries,Utilities,5767.9
2015,Gross Domestic Product At Current Market Prices,Goods Producing Industries,Other Goods Industries,130
2015,Gross Domestic Product At Current Market Prices,Services Producing Industries,Wholesale & Retail Trade,64254.5
2015,Gross Domestic Product At Current Market Prices,Services Producing Industries,Transportation & Storage,30040.2
2015,Gross Domestic Product At Current Market Prices,Services Producing Industries,Accommodation & Food Services,8340.5
2015,Gross Domestic Product At Current Market Prices,Services Producing Industries,Information & Communications,15734.9
2015,Gross Domestic Product At Current Market Prices,Services Producing Industries,Finance & Insurance,49697.6
2015,Gross Domestic Product At Current Market Prices,Services Producing Industries,Business Services,62064.8
2015,Gross Domestic Product At Current Market Prices,Services Producing Industries,Other Services Industries,45000.7
2016,Gross Domestic Product At Current Market Prices,Goods Producing Industries,Manufacturing,75664.1
2016,Gross Domestic Product At Current Market Prices,Goods Producing Industries,Construction,20272.7
2016,Gross Domestic Product At Current Market Prices,Goods Producing Industries,Utilities,5588.2
2016,Gross Domestic Product At Current Market Prices,Goods Producing Industries,Other Goods Industries,128.1
2016,Gross Domestic Product At Current Market Prices,Services Producing Industries,Wholesale & Retail Trade,68078.9
2016,Gross Domestic Product At Current Market Prices,Services Producing Industries,Transportation & Storage,27699.3
2016,Gross Domestic Product At Current Market Prices,Services Producing Industries,Accommodation & Food Services,8718.8
2016,Gross Domestic Product At Current Market Prices,Services Producing Industries,Information & Communications,16818.3
2016,Gross Domestic Product At Current Market Prices,Services Producing Industries,Finance & Insurance,51325.3
2016,Gross Domestic Product At Current Market Prices,Services Producing Industries,Business Services,62550
2016,Gross Domestic Product At Current Market Prices,Services Producing Industries,Other Services Industries,47909.9
2017,Gross Domestic Product At Current Market Prices,Goods Producing Industries,Manufacturing,80378.1
2017,Gross Domestic Product At Current Market Prices,Goods Producing Industries,Construction,17809
2017,Gross Domestic Product At Current Market Prices,Goods Producing Industries,Utilities,5638.7
2017,Gross Domestic Product At Current Market Prices,Goods Producing Industries,Other Goods Industries,118.4
2017,Gross Domestic Product At Current Market Prices,Services Producing Industries,Wholesale & Retail Trade,73791.1
2017,Gross Domestic Product At Current Market Prices,Services Producing Industries,Transportation & Storage,30275.3
2017,Gross Domestic Product At Current Market Prices,Services Producing Industries,Accommodation & Food Services,8855.4
2017,Gross Domestic Product At Current Market Prices,Services Producing Industries,Information & Communications,17583.3
2017,Gross Domestic Product At Current Market Prices,Services Producing Industries,Finance & Insurance,55721.8
2017,Gross Domestic Product At Current Market Prices,Services Producing Industries,Business Services,62163.2
2017,Gross Domestic Product At Current Market Prices,Services Producing Industries,Other Services Industries,50352.8