month,mother_occupation,order,birth_count
2015-01,"CLEANERS, LABOURERS & REL WORKERS",1st,1
2015-01,CLERICAL WORKERS,1st,70
2015-01,CLERICAL WORKERS,2nd,58
2015-01,CLERICAL WORKERS,3rd,28
2015-01,CLERICAL WORKERS,4th,9
2015-01,CLERICAL WORKERS,5th,3
2015-01,CLERICAL WORKERS,6th,1
2015-01,"LEGISLATORS, SNR OFFICIALS & MGRS",1st,154
2015-01,"LEGISLATORS, SNR OFFICIALS & MGRS",2nd,108
2015-01,"LEGISLATORS, SNR OFFICIALS & MGRS",3rd,30
2015-01,"LEGISLATORS, SNR OFFICIALS & MGRS",4th,6
2015-01,"LEGISLATORS, SNR OFFICIALS & MGRS",5th,1
2015-01,PERSONS NOT ECONOMICALLY ACTIVE,1st,506
2015-01,PERSONS NOT ECONOMICALLY ACTIVE,2nd,398
2015-01,PERSONS NOT ECONOMICALLY ACTIVE,3rd,144
2015-01,PERSONS NOT ECONOMICALLY ACTIVE,4th,47
2015-01,PERSONS NOT ECONOMICALLY ACTIVE,5th,11
2015-01,PERSONS NOT ECONOMICALLY ACTIVE,6th,9
2015-01,PERSONS NOT ECONOMICALLY ACTIVE,8th,2
2015-01,PERSONS NOT ECONOMICALLY ACTIVE,9th & over,1
2015-01,PLANT/MACHINE OPERATORS & ASSEMBLERS,1st,1
2015-01,PLANT/MACHINE OPERATORS & ASSEMBLERS,2nd,2
2015-01,PLANT/MACHINE OPERATORS & ASSEMBLERS,3rd,1
2015-01,PLANT/MACHINE OPERATORS & ASSEMBLERS,5th,1
2015-01,PRODUCTION CRAFTSMEN & REL WORKERS,1st,9
2015-01,PRODUCTION CRAFTSMEN & REL WORKERS,2nd,3
2015-01,PRODUCTION CRAFTSMEN & REL WORKERS,3rd,2
2015-01,PROFESSIONALS,1st,382
2015-01,PROFESSIONALS,2nd,238
2015-01,PROFESSIONALS,3rd,52
2015-01,PROFESSIONALS,4th,7
2015-01,PROFESSIONALS,5th,1
2015-01,"SERVICE WKRS, SHOP, MARKET SALES WKRS",1st,127
2015-01,"SERVICE WKRS, SHOP, MARKET SALES WKRS",2nd,89
2015-01,"SERVICE WKRS, SHOP, MARKET SALES WKRS",3rd,40
2015-01,"SERVICE WKRS, SHOP, MARKET SALES WKRS",4th,11
2015-01,"SERVICE WKRS, SHOP, MARKET SALES WKRS",5th,3
2015-01,"SERVICE WKRS, SHOP, MARKET SALES WKRS",6th,3
2015-01,"SERVICE WKRS, SHOP, MARKET SALES WKRS",7th,1
2015-01,TECHNICIANS & ASSOCIATE PROFS,1st,600
2015-01,TECHNICIANS & ASSOCIATE PROFS,2nd,384
2015-01,TECHNICIANS & ASSOCIATE PROFS,3rd,112
2015-01,TECHNICIANS & ASSOCIATE PROFS,4th,21
2015-01,TECHNICIANS & ASSOCIATE PROFS,5th,4
2015-01,TECHNICIANS & ASSOCIATE PROFS,7th,1
2015-01,WKRS NOT CLASSIFIABLE BY OCCUPATION,1st,8
2015-01,WKRS NOT CLASSIFIABLE BY OCCUPATION,2nd,4
2015-01,WKRS NOT CLASSIFIABLE BY OCCUPATION,3rd,5
2015-01,WKRS NOT CLASSIFIABLE BY OCCUPATION,4th,1
2015-02,"CLEANERS, LABOURERS & REL WORKERS",1st,1
2015-02,"CLEANERS, LABOURERS & REL WORKERS",2nd,1
2015-02,CLERICAL WORKERS,1st,59
2015-02,CLERICAL WORKERS,2nd,47
2015-02,CLERICAL WORKERS,3rd,20
2015-02,CLERICAL WORKERS,4th,11
2015-02,CLERICAL WORKERS,5th,4
2015-02,CLERICAL WORKERS,6th,1
2015-02,"LEGISLATORS, SNR OFFICIALS & MGRS",1st,129
2015-02,"LEGISLATORS, SNR OFFICIALS & MGRS",2nd,101
2015-02,"LEGISLATORS, SNR OFFICIALS & MGRS",3rd,25
2015-02,"LEGISLATORS, SNR OFFICIALS & MGRS",4th,2
2015-02,PERSONS NOT ECONOMICALLY ACTIVE,1st,385
2015-02,PERSONS NOT ECONOMICALLY ACTIVE,2nd,309
2015-02,PERSONS NOT ECONOMICALLY ACTIVE,3rd,128
2015-02,PERSONS NOT ECONOMICALLY ACTIVE,4th,44
2015-02,PERSONS NOT ECONOMICALLY ACTIVE,5th,20
2015-02,PERSONS NOT ECONOMICALLY ACTIVE,6th,5
2015-02,PERSONS NOT ECONOMICALLY ACTIVE,7th,2
2015-02,PERSONS NOT ECONOMICALLY ACTIVE,8th,1
2015-02,PERSONS NOT ECONOMICALLY ACTIVE,9th & over,2
2015-02,PLANT/MACHINE OPERATORS & ASSEMBLERS,2nd,1
2015-02,PLANT/MACHINE OPERATORS & ASSEMBLERS,3rd,1
2015-02,PROFESSIONALS,1st,316
2015-02,PROFESSIONALS,2nd,249
2015-02,PROFESSIONALS,3rd,52
2015-02,PROFESSIONALS,4th,11
2015-02,PROFESSIONALS,5th,1
2015-02,PROFESSIONALS,7th,1
2015-02,"SERVICE WKRS, SHOP, MARKET SALES WKRS",1st,95
2015-02,"SERVICE WKRS, SHOP, MARKET SALES WKRS",2nd,57
2015-02,"SERVICE WKRS, SHOP, MARKET SALES WKRS",3rd,33
2015-02,"SERVICE WKRS, SHOP, MARKET SALES WKRS",4th,15
2015-02,"SERVICE WKRS, SHOP, MARKET SALES WKRS",5th,6
2015-02,"SERVICE WKRS, SHOP, MARKET SALES WKRS",6th,2
2015-02,TECHNICIANS & ASSOCIATE PROFS,1st,472
2015-02,TECHNICIANS & ASSOCIATE PROFS,2nd,287
2015-02,TECHNICIANS & ASSOCIATE PROFS,3rd,96
2015-02,TECHNICIANS & ASSOCIATE PROFS,4th,17
2015-02,TECHNICIANS & ASSOCIATE PROFS,5th,4
2015-02,TECHNICIANS & ASSOCIATE PROFS,7th,1
2015-02,WKRS NOT CLASSIFIABLE BY OCCUPATION,1st,9
2015-02,WKRS NOT CLASSIFIABLE BY OCCUPATION,2nd,4
2015-03,"CLEANERS, LABOURERS & REL WORKERS",1st,2
2015-03,CLERICAL WORKERS,1st,73
2015-03,CLERICAL WORKERS,2nd,47
2015-03,CLERICAL WORKERS,3rd,31
2015-03,CLERICAL WORKERS,4th,7
2015-03,CLERICAL WORKERS,5th,2
2015-03,"LEGISLATORS, SNR OFFICIALS & MGRS",1st,128
2015-03,"LEGISLATORS, SNR OFFICIALS & MGRS",2nd,85
2015-03,"LEGISLATORS, SNR OFFICIALS & MGRS",3rd,36
2015-03,"LEGISLATORS, SNR OFFICIALS & MGRS",4th,3
2015-03,PERSONS NOT ECONOMICALLY ACTIVE,1st,435
2015-03,PERSONS NOT ECONOMICALLY ACTIVE,2nd,360
2015-03,PERSONS NOT ECONOMICALLY ACTIVE,3rd,150
2015-03,PERSONS NOT ECONOMICALLY ACTIVE,4th,54
2015-03,PERSONS NOT ECONOMICALLY ACTIVE,5th,19
2015-03,PERSONS NOT ECONOMICALLY ACTIVE,6th,6
2015-03,PERSONS NOT ECONOMICALLY ACTIVE,7th,1
2015-03,PERSONS NOT ECONOMICALLY ACTIVE,8th,1
2015-03,PLANT/MACHINE OPERATORS & ASSEMBLERS,1st,1
2015-03,PLANT/MACHINE OPERATORS & ASSEMBLERS,2nd,1
2015-03,PRODUCTION CRAFTSMEN & REL WORKERS,1st,3
2015-03,PRODUCTION CRAFTSMEN & REL WORKERS,2nd,1
2015-03,PRODUCTION CRAFTSMEN & REL WORKERS,3rd,1
2015-03,PROFESSIONALS,1st,365
2015-03,PROFESSIONALS,2nd,223
2015-03,PROFESSIONALS,3rd,70
2015-03,PROFESSIONALS,4th,11
2015-03,PROFESSIONALS,5th,1
2015-03,"SERVICE WKRS, SHOP, MARKET SALES WKRS",1st,110
2015-03,"SERVICE WKRS, SHOP, MARKET SALES WKRS",2nd,82
2015-03,"SERVICE WKRS, SHOP, MARKET SALES WKRS",3rd,38
2015-03,"SERVICE WKRS, SHOP, MARKET SALES WKRS",4th,16
2015-03,"SERVICE WKRS, SHOP, MARKET SALES WKRS",5th,5
2015-03,"SERVICE WKRS, SHOP, MARKET SALES WKRS",6th,1
2015-03,TECHNICIANS & ASSOCIATE PROFS,1st,561
2015-03,TECHNICIANS & ASSOCIATE PROFS,2nd,370
2015-03,TECHNICIANS & ASSOCIATE PROFS,3rd,109
2015-03,TECHNICIANS & ASSOCIATE PROFS,4th,16
2015-03,TECHNICIANS & ASSOCIATE PROFS,5th,2
2015-03,TECHNICIANS & ASSOCIATE PROFS,6th,1
2015-03,WKRS NOT CLASSIFIABLE BY OCCUPATION,1st,5
2015-03,WKRS NOT CLASSIFIABLE BY OCCUPATION,2nd,6
2015-03,WKRS NOT CLASSIFIABLE BY OCCUPATION,3rd,2
2015-04,"CLEANERS, LABOURERS & REL WORKERS",1st,1
2015-04,"CLEANERS, LABOURERS & REL WORKERS",4th,1
2015-04,CLERICAL WORKERS,1st,53
2015-04,CLERICAL WORKERS,2nd,57
2015-04,CLERICAL WORKERS,3rd,28
2015-04,CLERICAL WORKERS,4th,4
2015-04,CLERICAL WORKERS,5th,3
2015-04,CLERICAL WORKERS,6th,1
2015-04,CLERICAL WORKERS,7th,2
2015-04,"LEGISLATORS, SNR OFFICIALS & MGRS",1st,130
2015-04,"LEGISLATORS, SNR OFFICIALS & MGRS",2nd,91
2015-04,"LEGISLATORS, SNR OFFICIALS & MGRS",3rd,22
2015-04,"LEGISLATORS, SNR OFFICIALS & MGRS",4th,4
2015-04,PERSONS NOT ECONOMICALLY ACTIVE,1st,444
2015-04,PERSONS NOT ECONOMICALLY ACTIVE,2nd,355
2015-04,PERSONS NOT ECONOMICALLY ACTIVE,3rd,160
2015-04,PERSONS NOT ECONOMICALLY ACTIVE,4th,60
2015-04,PERSONS NOT ECONOMICALLY ACTIVE,5th,19
2015-04,PERSONS NOT ECONOMICALLY ACTIVE,6th,7
2015-04,PERSONS NOT ECONOMICALLY ACTIVE,7th,3
2015-04,PERSONS NOT ECONOMICALLY ACTIVE,8th,1
2015-04,PERSONS NOT ECONOMICALLY ACTIVE,9th & over,1
2015-04,PRODUCTION CRAFTSMEN & REL WORKERS,1st,3
2015-04,PRODUCTION CRAFTSMEN & REL WORKERS,2nd,1
2015-04,PRODUCTION CRAFTSMEN & REL WORKERS,3rd,2
2015-04,PRODUCTION CRAFTSMEN & REL WORKERS,4th,1
2015-04,PROFESSIONALS,1st,344
2015-04,PROFESSIONALS,2nd,208
2015-04,PROFESSIONALS,3rd,61
2015-04,PROFESSIONALS,4th,10
2015-04,PROFESSIONALS,5th,2
2015-04,PROFESSIONALS,6th,1
2015-04,"SERVICE WKRS, SHOP, MARKET SALES WKRS",1st,106
2015-04,"SERVICE WKRS, SHOP, MARKET SALES WKRS",2nd,66
2015-04,"SERVICE WKRS, SHOP, MARKET SALES WKRS",3rd,31
2015-04,"SERVICE WKRS, SHOP, MARKET SALES WKRS",4th,18
2015-04,"SERVICE WKRS, SHOP, MARKET SALES WKRS",5th,6
2015-04,"SERVICE WKRS, SHOP, MARKET SALES WKRS",6th,6
2015-04,"SERVICE WKRS, SHOP, MARKET SALES WKRS",7th,1
2015-04,TECHNICIANS & ASSOCIATE PROFS,1st,515
2015-04,TECHNICIANS & ASSOCIATE PROFS,2nd,367
2015-04,TECHNICIANS & ASSOCIATE PROFS,3rd,123
2015-04,TECHNICIANS & ASSOCIATE PROFS,4th,21
2015-04,TECHNICIANS & ASSOCIATE PROFS,5th,4
2015-04,TECHNICIANS & ASSOCIATE PROFS,6th,1
2015-04,WKRS NOT CLASSIFIABLE BY OCCUPATION,1st,7
2015-04,WKRS NOT CLASSIFIABLE BY OCCUPATION,2nd,7
2015-04,WKRS NOT CLASSIFIABLE BY OCCUPATION,3rd,4
2015-04,WKRS NOT CLASSIFIABLE BY OCCUPATION,4th,1
2015-05,"CLEANERS, LABOURERS & REL WORKERS",1st,1
2015-05,"CLEANERS, LABOURERS & REL WORKERS",2nd,1
2015-05,"CLEANERS, LABOURERS & REL WORKERS",4th,1
2015-05,CLERICAL WORKERS,1st,48
2015-05,CLERICAL WORKERS,2nd,66
2015-05,CLERICAL WORKERS,3rd,23
2015-05,CLERICAL WORKERS,4th,10
2015-05,CLERICAL WORKERS,5th,1
2015-05,"LEGISLATORS, SNR OFFICIALS & MGRS",1st,115
2015-05,"LEGISLATORS, SNR OFFICIALS & MGRS",2nd,103
2015-05,"LEGISLATORS, SNR OFFICIALS & MGRS",3rd,21
2015-05,"LEGISLATORS, SNR OFFICIALS & MGRS",4th,5
2015-05,"LEGISLATORS, SNR OFFICIALS & MGRS",5th,1
2015-05,PERSONS NOT ECONOMICALLY ACTIVE,1st,417
2015-05,PERSONS NOT ECONOMICALLY ACTIVE,2nd,373
2015-05,PERSONS NOT ECONOMICALLY ACTIVE,3rd,166
2015-05,PERSONS NOT ECONOMICALLY ACTIVE,4th,50
2015-05,PERSONS NOT ECONOMICALLY ACTIVE,5th,27
2015-05,PERSONS NOT ECONOMICALLY ACTIVE,6th,3
2015-05,PERSONS NOT ECONOMICALLY ACTIVE,7th,3
2015-05,PERSONS NOT ECONOMICALLY ACTIVE,8th,1
2015-05,PERSONS NOT ECONOMICALLY ACTIVE,9th & over,1
2015-05,PLANT/MACHINE OPERATORS & ASSEMBLERS,1st,1
2015-05,PRODUCTION CRAFTSMEN & REL WORKERS,1st,2
2015-05,PRODUCTION CRAFTSMEN & REL WORKERS,2nd,1
2015-05,PRODUCTION CRAFTSMEN & REL WORKERS,3rd,2
2015-05,PROFESSIONALS,1st,319
2015-05,PROFESSIONALS,2nd,245
2015-05,PROFESSIONALS,3rd,71
2015-05,PROFESSIONALS,4th,17
2015-05,PROFESSIONALS,5th,3
2015-05,"SERVICE WKRS, SHOP, MARKET SALES WKRS",1st,128
2015-05,"SERVICE WKRS, SHOP, MARKET SALES WKRS",2nd,87
2015-05,"SERVICE WKRS, SHOP, MARKET SALES WKRS",3rd,33
2015-05,"SERVICE WKRS, SHOP, MARKET SALES WKRS",4th,11
2015-05,"SERVICE WKRS, SHOP, MARKET SALES WKRS",5th,6
2015-05,"SERVICE WKRS, SHOP, MARKET SALES WKRS",6th,1
2015-05,TECHNICIANS & ASSOCIATE PROFS,1st,542
2015-05,TECHNICIANS & ASSOCIATE PROFS,2nd,372
2015-05,TECHNICIANS & ASSOCIATE PROFS,3rd,102
2015-05,TECHNICIANS & ASSOCIATE PROFS,4th,24
2015-05,TECHNICIANS & ASSOCIATE PROFS,5th,5
2015-05,TECHNICIANS & ASSOCIATE PROFS,6th,2
2015-05,WKRS NOT CLASSIFIABLE BY OCCUPATION,1st,2
2015-05,WKRS NOT CLASSIFIABLE BY OCCUPATION,2nd,5
2015-05,WKRS NOT CLASSIFIABLE BY OCCUPATION,3rd,2
2015-05,WKRS NOT CLASSIFIABLE BY OCCUPATION,4th,1
2015-06,"CLEANERS, LABOURERS & REL WORKERS",1st,1
2015-06,"CLEANERS, LABOURERS & REL WORKERS",2nd,1
2015-06,CLERICAL WORKERS,1st,47
2015-06,CLERICAL WORKERS,2nd,58
2015-06,CLERICAL WORKERS,3rd,29
2015-06,CLERICAL WORKERS,4th,5
2015-06,CLERICAL WORKERS,5th,1
2015-06,"LEGISLATORS, SNR OFFICIALS & MGRS",1st,101
2015-06,"LEGISLATORS, SNR OFFICIALS & MGRS",2nd,83
2015-06,"LEGISLATORS, SNR OFFICIALS & MGRS",3rd,32
2015-06,"LEGISLATORS, SNR OFFICIALS & MGRS",4th,3
2015-06,PERSONS NOT ECONOMICALLY ACTIVE,1st,373
2015-06,PERSONS NOT ECONOMICALLY ACTIVE,2nd,373
2015-06,PERSONS NOT ECONOMICALLY ACTIVE,3rd,129
2015-06,PERSONS NOT ECONOMICALLY ACTIVE,4th,64
2015-06,PERSONS NOT ECONOMICALLY ACTIVE,5th,14
2015-06,PERSONS NOT ECONOMICALLY ACTIVE,6th,3
2015-06,PERSONS NOT ECONOMICALLY ACTIVE,7th,4
2015-06,PERSONS NOT ECONOMICALLY ACTIVE,8th,2
2015-06,PERSONS NOT ECONOMICALLY ACTIVE,9th & over,2
2015-06,PLANT/MACHINE OPERATORS & ASSEMBLERS,1st,1
2015-06,PLANT/MACHINE OPERATORS & ASSEMBLERS,2nd,2
2015-06,PRODUCTION CRAFTSMEN & REL WORKERS,1st,2
2015-06,PRODUCTION CRAFTSMEN & REL WORKERS,2nd,2
2015-06,PRODUCTION CRAFTSMEN & REL WORKERS,3rd,1
2015-06,PRODUCTION CRAFTSMEN & REL WORKERS,5th,2
2015-06,PROFESSIONALS,1st,348
2015-06,PROFESSIONALS,2nd,244
2015-06,PROFESSIONALS,3rd,68
2015-06,PROFESSIONALS,4th,9
2015-06,PROFESSIONALS,5th,3
2015-06,"SERVICE WKRS, SHOP, MARKET SALES WKRS",1st,89
2015-06,"SERVICE WKRS, SHOP, MARKET SALES WKRS",2nd,72
2015-06,"SERVICE WKRS, SHOP, MARKET SALES WKRS",3rd,43
2015-06,"SERVICE WKRS, SHOP, MARKET SALES WKRS",4th,15
2015-06,"SERVICE WKRS, SHOP, MARKET SALES WKRS",5th,7
2015-06,TECHNICIANS & ASSOCIATE PROFS,1st,564
2015-06,TECHNICIANS & ASSOCIATE PROFS,2nd,384
2015-06,TECHNICIANS & ASSOCIATE PROFS,3rd,87
2015-06,TECHNICIANS & ASSOCIATE PROFS,4th,21
2015-06,TECHNICIANS & ASSOCIATE PROFS,5th,5
2015-06,WKRS NOT CLASSIFIABLE BY OCCUPATION,1st,6
2015-06,WKRS NOT CLASSIFIABLE BY OCCUPATION,2nd,1
2015-06,WKRS NOT CLASSIFIABLE BY OCCUPATION,3rd,2
2015-06,WKRS NOT CLASSIFIABLE BY OCCUPATION,6th,1
2015-07,"CLEANERS, LABOURERS & REL WORKERS",3rd,1
2015-07,"CLEANERS, LABOURERS & REL WORKERS",6th,1
2015-07,CLERICAL WORKERS,1st,51
2015-07,CLERICAL WORKERS,2nd,56
2015-07,CLERICAL WORKERS,3rd,32
2015-07,CLERICAL WORKERS,4th,7
2015-07,CLERICAL WORKERS,5th,2
2015-07,"LEGISLATORS, SNR OFFICIALS & MGRS",1st,103
2015-07,"LEGISLATORS, SNR OFFICIALS & MGRS",2nd,91
2015-07,"LEGISLATORS, SNR OFFICIALS & MGRS",3rd,25
2015-07,"LEGISLATORS, SNR OFFICIALS & MGRS",4th,4
2015-07,PERSONS NOT ECONOMICALLY ACTIVE,1st,425
2015-07,PERSONS NOT ECONOMICALLY ACTIVE,2nd,398
2015-07,PERSONS NOT ECONOMICALLY ACTIVE,3rd,127
2015-07,PERSONS NOT ECONOMICALLY ACTIVE,4th,52
2015-07,PERSONS NOT ECONOMICALLY ACTIVE,5th,13
2015-07,PERSONS NOT ECONOMICALLY ACTIVE,6th,8
2015-07,PERSONS NOT ECONOMICALLY ACTIVE,7th,1
2015-07,PERSONS NOT ECONOMICALLY ACTIVE,8th,3
2015-07,PERSONS NOT ECONOMICALLY ACTIVE,9th & over,1
2015-07,PLANT/MACHINE OPERATORS & ASSEMBLERS,1st,1
2015-07,PRODUCTION CRAFTSMEN & REL WORKERS,1st,3
2015-07,PRODUCTION CRAFTSMEN & REL WORKERS,2nd,6
2015-07,PROFESSIONALS,1st,326
2015-07,PROFESSIONALS,2nd,281
2015-07,PROFESSIONALS,3rd,69
2015-07,PROFESSIONALS,4th,8
2015-07,"SERVICE WKRS, SHOP, MARKET SALES WKRS",1st,103
2015-07,"SERVICE WKRS, SHOP, MARKET SALES WKRS",2nd,81
2015-07,"SERVICE WKRS, SHOP, MARKET SALES WKRS",3rd,48
2015-07,"SERVICE WKRS, SHOP, MARKET SALES WKRS",4th,19
2015-07,"SERVICE WKRS, SHOP, MARKET SALES WKRS",5th,2
2015-07,TECHNICIANS & ASSOCIATE PROFS,1st,590
2015-07,TECHNICIANS & ASSOCIATE PROFS,2nd,418
2015-07,TECHNICIANS & ASSOCIATE PROFS,3rd,127
2015-07,TECHNICIANS & ASSOCIATE PROFS,4th,20
2015-07,TECHNICIANS & ASSOCIATE PROFS,5th,4
2015-07,TECHNICIANS & ASSOCIATE PROFS,6th,2
2015-07,TECHNICIANS & ASSOCIATE PROFS,9th & over,1
2015-07,WKRS NOT CLASSIFIABLE BY OCCUPATION,1st,10
2015-07,WKRS NOT CLASSIFIABLE BY OCCUPATION,2nd,4
2015-07,WKRS NOT CLASSIFIABLE BY OCCUPATION,3rd,1
2015-08,"CLEANERS, LABOURERS & REL WORKERS",1st,1
2015-08,"CLEANERS, LABOURERS & REL WORKERS",2nd,1
2015-08,CLERICAL WORKERS,1st,57
2015-08,CLERICAL WORKERS,2nd,45
2015-08,CLERICAL WORKERS,3rd,22
2015-08,CLERICAL WORKERS,4th,14
2015-08,CLERICAL WORKERS,5th,3
2015-08,CLERICAL WORKERS,6th,1
2015-08,"LEGISLATORS, SNR OFFICIALS & MGRS",1st,130
2015-08,"LEGISLATORS, SNR OFFICIALS & MGRS",2nd,86
2015-08,"LEGISLATORS, SNR OFFICIALS & MGRS",3rd,30
2015-08,"LEGISLATORS, SNR OFFICIALS & MGRS",4th,6
2015-08,"LEGISLATORS, SNR OFFICIALS & MGRS",6th,1
2015-08,PERSONS NOT ECONOMICALLY ACTIVE,1st,446
2015-08,PERSONS NOT ECONOMICALLY ACTIVE,2nd,349
2015-08,PERSONS NOT ECONOMICALLY ACTIVE,3rd,142
2015-08,PERSONS NOT ECONOMICALLY ACTIVE,4th,49
2015-08,PERSONS NOT ECONOMICALLY ACTIVE,5th,17
2015-08,PERSONS NOT ECONOMICALLY ACTIVE,6th,6
2015-08,PERSONS NOT ECONOMICALLY ACTIVE,7th,4
2015-08,PERSONS NOT ECONOMICALLY ACTIVE,8th,2
2015-08,PLANT/MACHINE OPERATORS & ASSEMBLERS,3rd,1
2015-08,PRODUCTION CRAFTSMEN & REL WORKERS,1st,3
2015-08,PRODUCTION CRAFTSMEN & REL WORKERS,2nd,5
2015-08,PRODUCTION CRAFTSMEN & REL WORKERS,3rd,2
2015-08,PROFESSIONALS,1st,359
2015-08,PROFESSIONALS,2nd,227
2015-08,PROFESSIONALS,3rd,56
2015-08,PROFESSIONALS,4th,13
2015-08,PROFESSIONALS,5th,1
2015-08,"SERVICE WKRS, SHOP, MARKET SALES WKRS",1st,122
2015-08,"SERVICE WKRS, SHOP, MARKET SALES WKRS",2nd,74
2015-08,"SERVICE WKRS, SHOP, MARKET SALES WKRS",3rd,34
2015-08,"SERVICE WKRS, SHOP, MARKET SALES WKRS",4th,11
2015-08,"SERVICE WKRS, SHOP, MARKET SALES WKRS",5th,10
2015-08,"SERVICE WKRS, SHOP, MARKET SALES WKRS",6th,2
2015-08,"SERVICE WKRS, SHOP, MARKET SALES WKRS",7th,1
2015-08,TECHNICIANS & ASSOCIATE PROFS,1st,597
2015-08,TECHNICIANS & ASSOCIATE PROFS,2nd,400
2015-08,TECHNICIANS & ASSOCIATE PROFS,3rd,109
2015-08,TECHNICIANS & ASSOCIATE PROFS,4th,21
2015-08,WKRS NOT CLASSIFIABLE BY OCCUPATION,1st,5
2015-08,WKRS NOT CLASSIFIABLE BY OCCUPATION,2nd,3
2015-08,WKRS NOT CLASSIFIABLE BY OCCUPATION,3rd,3
2015-08,WKRS NOT CLASSIFIABLE BY OCCUPATION,4th,1
2015-09,CLERICAL WORKERS,1st,83
2015-09,CLERICAL WORKERS,2nd,41
2015-09,CLERICAL WORKERS,3rd,24
2015-09,CLERICAL WORKERS,4th,9
2015-09,CLERICAL WORKERS,5th,4
2015-09,"LEGISLATORS, SNR OFFICIALS & MGRS",1st,135
2015-09,"LEGISLATORS, SNR OFFICIALS & MGRS",2nd,106
2015-09,"LEGISLATORS, SNR OFFICIALS & MGRS",3rd,33
2015-09,"LEGISLATORS, SNR OFFICIALS & MGRS",4th,3
2015-09,PERSONS NOT ECONOMICALLY ACTIVE,1st,478
2015-09,PERSONS NOT ECONOMICALLY ACTIVE,2nd,389
2015-09,PERSONS NOT ECONOMICALLY ACTIVE,3rd,155
2015-09,PERSONS NOT ECONOMICALLY ACTIVE,4th,65
2015-09,PERSONS NOT ECONOMICALLY ACTIVE,5th,23
2015-09,PERSONS NOT ECONOMICALLY ACTIVE,6th,9
2015-09,PERSONS NOT ECONOMICALLY ACTIVE,7th,5
2015-09,PERSONS NOT ECONOMICALLY ACTIVE,8th,1
2015-09,PERSONS NOT ECONOMICALLY ACTIVE,9th & over,1
2015-09,PRODUCTION CRAFTSMEN & REL WORKERS,1st,3
2015-09,PRODUCTION CRAFTSMEN & REL WORKERS,2nd,1
2015-09,PROFESSIONALS,1st,419
2015-09,PROFESSIONALS,2nd,240
2015-09,PROFESSIONALS,3rd,70
2015-09,PROFESSIONALS,4th,8
2015-09,PROFESSIONALS,5th,3
2015-09,PROFESSIONALS,6th,1
2015-09,"SERVICE WKRS, SHOP, MARKET SALES WKRS",1st,119
2015-09,"SERVICE WKRS, SHOP, MARKET SALES WKRS",2nd,92
2015-09,"SERVICE WKRS, SHOP, MARKET SALES WKRS",3rd,37
2015-09,"SERVICE WKRS, SHOP, MARKET SALES WKRS",4th,10
2015-09,"SERVICE WKRS, SHOP, MARKET SALES WKRS",5th,3
2015-09,"SERVICE WKRS, SHOP, MARKET SALES WKRS",7th,3
2015-09,TECHNICIANS & ASSOCIATE PROFS,1st,602
2015-09,TECHNICIANS & ASSOCIATE PROFS,2nd,421
2015-09,TECHNICIANS & ASSOCIATE PROFS,3rd,139
2015-09,TECHNICIANS & ASSOCIATE PROFS,4th,28
2015-09,TECHNICIANS & ASSOCIATE PROFS,5th,3
2015-09,TECHNICIANS & ASSOCIATE PROFS,6th,2
2015-09,WKRS NOT CLASSIFIABLE BY OCCUPATION,1st,6
2015-09,WKRS NOT CLASSIFIABLE BY OCCUPATION,2nd,9
2015-09,WKRS NOT CLASSIFIABLE BY OCCUPATION,3rd,1
2015-09,WKRS NOT CLASSIFIABLE BY OCCUPATION,4th,2
2015-10,AGRICULTURAL & FISHERY WORKERS,2nd,1
2015-10,"CLEANERS, LABOURERS & REL WORKERS",6th,1
2015-10,CLERICAL WORKERS,1st,65
2015-10,CLERICAL WORKERS,2nd,70
2015-10,CLERICAL WORKERS,3rd,50
2015-10,CLERICAL WORKERS,4th,9
2015-10,CLERICAL WORKERS,5th,1
2015-10,"LEGISLATORS, SNR OFFICIALS & MGRS",1st,114
2015-10,"LEGISLATORS, SNR OFFICIALS & MGRS",2nd,89
2015-10,"LEGISLATORS, SNR OFFICIALS & MGRS",3rd,29
2015-10,"LEGISLATORS, SNR OFFICIALS & MGRS",4th,4
2015-10,"LEGISLATORS, SNR OFFICIALS & MGRS",5th,1
2015-10,"LEGISLATORS, SNR OFFICIALS & MGRS",6th,1
2015-10,PERSONS NOT ECONOMICALLY ACTIVE,1st,415
2015-10,PERSONS NOT ECONOMICALLY ACTIVE,2nd,398
2015-10,PERSONS NOT ECONOMICALLY ACTIVE,3rd,159
2015-10,PERSONS NOT ECONOMICALLY ACTIVE,4th,61
2015-10,PERSONS NOT ECONOMICALLY ACTIVE,5th,19
2015-10,PERSONS NOT ECONOMICALLY ACTIVE,6th,8
2015-10,PERSONS NOT ECONOMICALLY ACTIVE,7th,4
2015-10,PERSONS NOT ECONOMICALLY ACTIVE,8th,1
2015-10,PERSONS NOT ECONOMICALLY ACTIVE,9th & over,1
2015-10,PLANT/MACHINE OPERATORS & ASSEMBLERS,1st,1
2015-10,PLANT/MACHINE OPERATORS & ASSEMBLERS,5th,1
2015-10,PRODUCTION CRAFTSMEN & REL WORKERS,1st,6
2015-10,PRODUCTION CRAFTSMEN & REL WORKERS,3rd,2
2015-10,PRODUCTION CRAFTSMEN & REL WORKERS,4th,1
2015-10,PROFESSIONALS,1st,432
2015-10,PROFESSIONALS,2nd,257
2015-10,PROFESSIONALS,3rd,66
2015-10,PROFESSIONALS,4th,8
2015-10,PROFESSIONALS,5th,1
2015-10,"SERVICE WKRS, SHOP, MARKET SALES WKRS",1st,123
2015-10,"SERVICE WKRS, SHOP, MARKET SALES WKRS",2nd,88
2015-10,"SERVICE WKRS, SHOP, MARKET SALES WKRS",3rd,44
2015-10,"SERVICE WKRS, SHOP, MARKET SALES WKRS",4th,15
2015-10,"SERVICE WKRS, SHOP, MARKET SALES WKRS",5th,5
2015-10,"SERVICE WKRS, SHOP, MARKET SALES WKRS",8th,1
2015-10,TECHNICIANS & ASSOCIATE PROFS,1st,663
2015-10,TECHNICIANS & ASSOCIATE PROFS,2nd,397
2015-10,TECHNICIANS & ASSOCIATE PROFS,3rd,118
2015-10,TECHNICIANS & ASSOCIATE PROFS,4th,23
2015-10,TECHNICIANS & ASSOCIATE PROFS,5th,5
2015-10,TECHNICIANS & ASSOCIATE PROFS,6th,2
2015-10,TECHNICIANS & ASSOCIATE PROFS,7th,1
2015-10,WKRS NOT CLASSIFIABLE BY OCCUPATION,1st,6
2015-10,WKRS NOT CLASSIFIABLE BY OCCUPATION,2nd,5
2015-10,WKRS NOT CLASSIFIABLE BY OCCUPATION,3rd,4
2015-10,WKRS NOT CLASSIFIABLE BY OCCUPATION,4th,2
2015-11,CLERICAL WORKERS,1st,69
2015-11,CLERICAL WORKERS,2nd,57
2015-11,CLERICAL WORKERS,3rd,30
2015-11,CLERICAL WORKERS,4th,11
2015-11,CLERICAL WORKERS,5th,4
2015-11,CLERICAL WORKERS,6th,1
2015-11,"LEGISLATORS, SNR OFFICIALS & MGRS",1st,122
2015-11,"LEGISLATORS, SNR OFFICIALS & MGRS",2nd,87
2015-11,"LEGISLATORS, SNR OFFICIALS & MGRS",3rd,26
2015-11,"LEGISLATORS, SNR OFFICIALS & MGRS",4th,5
2015-11,PERSONS NOT ECONOMICALLY ACTIVE,1st,431
2015-11,PERSONS NOT ECONOMICALLY ACTIVE,2nd,397
2015-11,PERSONS NOT ECONOMICALLY ACTIVE,3rd,147
2015-11,PERSONS NOT ECONOMICALLY ACTIVE,4th,59
2015-11,PERSONS NOT ECONOMICALLY ACTIVE,5th,20
2015-11,PERSONS NOT ECONOMICALLY ACTIVE,6th,10
2015-11,PERSONS NOT ECONOMICALLY ACTIVE,7th,2
2015-11,PERSONS NOT ECONOMICALLY ACTIVE,8th,1
2015-11,PLANT/MACHINE OPERATORS & ASSEMBLERS,1st,2
2015-11,PRODUCTION CRAFTSMEN & REL WORKERS,1st,2
2015-11,PRODUCTION CRAFTSMEN & REL WORKERS,2nd,6
2015-11,PRODUCTION CRAFTSMEN & REL WORKERS,3rd,2
2015-11,PROFESSIONALS,1st,388
2015-11,PROFESSIONALS,2nd,254
2015-11,PROFESSIONALS,3rd,65
2015-11,PROFESSIONALS,4th,9
2015-11,PROFESSIONALS,5th,1
2015-11,"SERVICE WKRS, SHOP, MARKET SALES WKRS",1st,124
2015-11,"SERVICE WKRS, SHOP, MARKET SALES WKRS",2nd,84
2015-11,"SERVICE WKRS, SHOP, MARKET SALES WKRS",3rd,35
2015-11,"SERVICE WKRS, SHOP, MARKET SALES WKRS",4th,17
2015-11,"SERVICE WKRS, SHOP, MARKET SALES WKRS",5th,8
2015-11,"SERVICE WKRS, SHOP, MARKET SALES WKRS",8th,1
2015-11,TECHNICIANS & ASSOCIATE PROFS,1st,610
2015-11,TECHNICIANS & ASSOCIATE PROFS,2nd,430
2015-11,TECHNICIANS & ASSOCIATE PROFS,3rd,113
2015-11,TECHNICIANS & ASSOCIATE PROFS,4th,23
2015-11,TECHNICIANS & ASSOCIATE PROFS,5th,1
2015-11,TECHNICIANS & ASSOCIATE PROFS,7th,1
2015-11,TECHNICIANS & ASSOCIATE PROFS,8th,1
2015-11,WKRS NOT CLASSIFIABLE BY OCCUPATION,1st,6
2015-11,WKRS NOT CLASSIFIABLE BY OCCUPATION,2nd,3
2015-11,WKRS NOT CLASSIFIABLE BY OCCUPATION,3rd,2
2015-12,"CLEANERS, LABOURERS & REL WORKERS",1st,1
2015-12,"CLEANERS, LABOURERS & REL WORKERS",4th,2
2015-12,CLERICAL WORKERS,1st,62
2015-12,CLERICAL WORKERS,2nd,65
2015-12,CLERICAL WORKERS,3rd,26
2015-12,CLERICAL WORKERS,4th,11
2015-12,CLERICAL WORKERS,5th,4
2015-12,CLERICAL WORKERS,6th,1
2015-12,CLERICAL WORKERS,7th,1
2015-12,"LEGISLATORS, SNR OFFICIALS & MGRS",1st,120
2015-12,"LEGISLATORS, SNR OFFICIALS & MGRS",2nd,81
2015-12,"LEGISLATORS, SNR OFFICIALS & MGRS",3rd,22
2015-12,"LEGISLATORS, SNR OFFICIALS & MGRS",4th,4
2015-12,"LEGISLATORS, SNR OFFICIALS & MGRS",5th,1
2015-12,PERSONS NOT ECONOMICALLY ACTIVE,1st,419
2015-12,PERSONS NOT ECONOMICALLY ACTIVE,2nd,421
2015-12,PERSONS NOT ECONOMICALLY ACTIVE,3rd,168
2015-12,PERSONS NOT ECONOMICALLY ACTIVE,4th,66
2015-12,PERSONS NOT ECONOMICALLY ACTIVE,5th,18
2015-12,PERSONS NOT ECONOMICALLY ACTIVE,6th,6
2015-12,PERSONS NOT ECONOMICALLY ACTIVE,7th,2
2015-12,PLANT/MACHINE OPERATORS & ASSEMBLERS,2nd,1
2015-12,PRODUCTION CRAFTSMEN & REL WORKERS,1st,8
2015-12,PRODUCTION CRAFTSMEN & REL WORKERS,2nd,2
2015-12,PRODUCTION CRAFTSMEN & REL WORKERS,3rd,1
2015-12,PROFESSIONALS,1st,398
2015-12,PROFESSIONALS,2nd,230
2015-12,PROFESSIONALS,3rd,86
2015-12,PROFESSIONALS,4th,9
2015-12,PROFESSIONALS,5th,3
2015-12,"SERVICE WKRS, SHOP, MARKET SALES WKRS",1st,118
2015-12,"SERVICE WKRS, SHOP, MARKET SALES WKRS",2nd,68
2015-12,"SERVICE WKRS, SHOP, MARKET SALES WKRS",3rd,39
2015-12,"SERVICE WKRS, SHOP, MARKET SALES WKRS",4th,15
2015-12,"SERVICE WKRS, SHOP, MARKET SALES WKRS",5th,5
2015-12,"SERVICE WKRS, SHOP, MARKET SALES WKRS",6th,2
2015-12,TECHNICIANS & ASSOCIATE PROFS,1st,638
2015-12,TECHNICIANS & ASSOCIATE PROFS,2nd,398
2015-12,TECHNICIANS & ASSOCIATE PROFS,3rd,122
2015-12,TECHNICIANS & ASSOCIATE PROFS,4th,25
2015-12,TECHNICIANS & ASSOCIATE PROFS,5th,5
2015-12,TECHNICIANS & ASSOCIATE PROFS,6th,3
2015-12,TECHNICIANS & ASSOCIATE PROFS,7th,1
2015-12,WKRS NOT CLASSIFIABLE BY OCCUPATION,1st,11
2015-12,WKRS NOT CLASSIFIABLE BY OCCUPATION,2nd,4
2015-12,WKRS NOT CLASSIFIABLE BY OCCUPATION,3rd,7
2016-01,AGRICULTURAL & FISHERY WORKERS,2nd,2
2016-01,"CLEANERS, LABOURERS & REL WORKERS",1st,1
2016-01,"CLEANERS, LABOURERS & REL WORKERS",2nd,1
2016-01,"CLEANERS, LABOURERS & REL WORKERS",3rd,2
2016-01,CLERICAL WORKERS,1st,61
2016-01,CLERICAL WORKERS,2nd,54
2016-01,CLERICAL WORKERS,3rd,31
2016-01,CLERICAL WORKERS,4th,8
2016-01,CLERICAL WORKERS,5th,2
2016-01,CLERICAL WORKERS,6th,1
2016-01,"LEGISLATORS, SNR OFFICIALS & MGRS",1st,98
2016-01,"LEGISLATORS, SNR OFFICIALS & MGRS",2nd,91
2016-01,"LEGISLATORS, SNR OFFICIALS & MGRS",3rd,20
2016-01,"LEGISLATORS, SNR OFFICIALS & MGRS",4th,2
2016-01,"LEGISLATORS, SNR OFFICIALS & MGRS",5th,1
2016-01,PERSONS NOT ECONOMICALLY ACTIVE,1st,412
2016-01,PERSONS NOT ECONOMICALLY ACTIVE,2nd,353
2016-01,PERSONS NOT ECONOMICALLY ACTIVE,3rd,143
2016-01,PERSONS NOT ECONOMICALLY ACTIVE,4th,53
2016-01,PERSONS NOT ECONOMICALLY ACTIVE,5th,20
2016-01,PERSONS NOT ECONOMICALLY ACTIVE,6th,8
2016-01,PERSONS NOT ECONOMICALLY ACTIVE,7th,4
2016-01,PERSONS NOT ECONOMICALLY ACTIVE,8th,2
2016-01,PLANT/MACHINE OPERATORS & ASSEMBLERS,1st,1
2016-01,PLANT/MACHINE OPERATORS & ASSEMBLERS,6th,1
2016-01,PRODUCTION CRAFTSMEN & REL WORKERS,1st,3
2016-01,PRODUCTION CRAFTSMEN & REL WORKERS,2nd,1
2016-01,PROFESSIONALS,1st,369
2016-01,PROFESSIONALS,2nd,230
2016-01,PROFESSIONALS,3rd,51
2016-01,PROFESSIONALS,4th,6
2016-01,PROFESSIONALS,5th,1
2016-01,"SERVICE WKRS, SHOP, MARKET SALES WKRS",1st,93
2016-01,"SERVICE WKRS, SHOP, MARKET SALES WKRS",2nd,65
2016-01,"SERVICE WKRS, SHOP, MARKET SALES WKRS",3rd,32
2016-01,"SERVICE WKRS, SHOP, MARKET SALES WKRS",4th,13
2016-01,"SERVICE WKRS, SHOP, MARKET SALES WKRS",5th,3
2016-01,"SERVICE WKRS, SHOP, MARKET SALES WKRS",6th,3
2016-01,TECHNICIANS & ASSOCIATE PROFS,1st,569
2016-01,TECHNICIANS & ASSOCIATE PROFS,2nd,367
2016-01,TECHNICIANS & ASSOCIATE PROFS,3rd,97
2016-01,TECHNICIANS & ASSOCIATE PROFS,4th,18
2016-01,TECHNICIANS & ASSOCIATE PROFS,5th,5
2016-01,WKRS NOT CLASSIFIABLE BY OCCUPATION,1st,6
2016-01,WKRS NOT CLASSIFIABLE BY OCCUPATION,2nd,5
2016-01,WKRS NOT CLASSIFIABLE BY OCCUPATION,4th,1
2016-02,AGRICULTURAL & FISHERY WORKERS,1st,1
2016-02,"CLEANERS, LABOURERS & REL WORKERS",1st,1
2016-02,"CLEANERS, LABOURERS & REL WORKERS",6th,1
2016-02,CLERICAL WORKERS,1st,45
2016-02,CLERICAL WORKERS,2nd,49
2016-02,CLERICAL WORKERS,3rd,19
2016-02,CLERICAL WORKERS,4th,9
2016-02,CLERICAL WORKERS,5th,1
2016-02,"LEGISLATORS, SNR OFFICIALS & MGRS",1st,121
2016-02,"LEGISLATORS, SNR OFFICIALS & MGRS",2nd,80
2016-02,"LEGISLATORS, SNR OFFICIALS & MGRS",3rd,15
2016-02,"LEGISLATORS, SNR OFFICIALS & MGRS",4th,5
2016-02,"LEGISLATORS, SNR OFFICIALS & MGRS",5th,2
2016-02,PERSONS NOT ECONOMICALLY ACTIVE,1st,358
2016-02,PERSONS NOT ECONOMICALLY ACTIVE,2nd,321
2016-02,PERSONS NOT ECONOMICALLY ACTIVE,3rd,127
2016-02,PERSONS NOT ECONOMICALLY ACTIVE,4th,52
2016-02,PERSONS NOT ECONOMICALLY ACTIVE,5th,24
2016-02,PERSONS NOT ECONOMICALLY ACTIVE,6th,5
2016-02,PERSONS NOT ECONOMICALLY ACTIVE,7th,1
2016-02,PERSONS NOT ECONOMICALLY ACTIVE,8th,1
2016-02,PLANT/MACHINE OPERATORS & ASSEMBLERS,2nd,1
2016-02,PRODUCTION CRAFTSMEN & REL WORKERS,1st,3
2016-02,PRODUCTION CRAFTSMEN & REL WORKERS,2nd,4
2016-02,PROFESSIONALS,1st,300
2016-02,PROFESSIONALS,2nd,231
2016-02,PROFESSIONALS,3rd,64
2016-02,PROFESSIONALS,4th,14
2016-02,"SERVICE WKRS, SHOP, MARKET SALES WKRS",1st,85
2016-02,"SERVICE WKRS, SHOP, MARKET SALES WKRS",2nd,83
2016-02,"SERVICE WKRS, SHOP, MARKET SALES WKRS",3rd,31
2016-02,"SERVICE WKRS, SHOP, MARKET SALES WKRS",4th,12
2016-02,"SERVICE WKRS, SHOP, MARKET SALES WKRS",5th,2
2016-02,"SERVICE WKRS, SHOP, MARKET SALES WKRS",6th,2
2016-02,"SERVICE WKRS, SHOP, MARKET SALES WKRS",7th,1
2016-02,TECHNICIANS & ASSOCIATE PROFS,1st,529
2016-02,TECHNICIANS & ASSOCIATE PROFS,2nd,373
2016-02,TECHNICIANS & ASSOCIATE PROFS,3rd,99
2016-02,TECHNICIANS & ASSOCIATE PROFS,4th,18
2016-02,TECHNICIANS & ASSOCIATE PROFS,5th,2
2016-02,TECHNICIANS & ASSOCIATE PROFS,6th,1
2016-02,WKRS NOT CLASSIFIABLE BY OCCUPATION,1st,6
2016-02,WKRS NOT CLASSIFIABLE BY OCCUPATION,2nd,2
2016-02,WKRS NOT CLASSIFIABLE BY OCCUPATION,3rd,1
2016-02,WKRS NOT CLASSIFIABLE BY OCCUPATION,4th,2
2016-03,"CLEANERS, LABOURERS & REL WORKERS",3rd,1
2016-03,CLERICAL WORKERS,1st,61
2016-03,CLERICAL WORKERS,2nd,58
2016-03,CLERICAL WORKERS,3rd,28
2016-03,CLERICAL WORKERS,4th,7
2016-03,CLERICAL WORKERS,5th,2
2016-03,"LEGISLATORS, SNR OFFICIALS & MGRS",1st,124
2016-03,"LEGISLATORS, SNR OFFICIALS & MGRS",2nd,97
2016-03,"LEGISLATORS, SNR OFFICIALS & MGRS",3rd,22
2016-03,"LEGISLATORS, SNR OFFICIALS & MGRS",4th,4
2016-03,PERSONS NOT ECONOMICALLY ACTIVE,1st,388
2016-03,PERSONS NOT ECONOMICALLY ACTIVE,2nd,385
2016-03,PERSONS NOT ECONOMICALLY ACTIVE,3rd,139
2016-03,PERSONS NOT ECONOMICALLY ACTIVE,4th,53
2016-03,PERSONS NOT ECONOMICALLY ACTIVE,5th,30
2016-03,PERSONS NOT ECONOMICALLY ACTIVE,6th,3
2016-03,PERSONS NOT ECONOMICALLY ACTIVE,7th,2
2016-03,PERSONS NOT ECONOMICALLY ACTIVE,8th,3
2016-03,PLANT/MACHINE OPERATORS & ASSEMBLERS,3rd,1
2016-03,PLANT/MACHINE OPERATORS & ASSEMBLERS,4th,2
2016-03,PRODUCTION CRAFTSMEN & REL WORKERS,1st,2
2016-03,PRODUCTION CRAFTSMEN & REL WORKERS,2nd,4
2016-03,PRODUCTION CRAFTSMEN & REL WORKERS,3rd,2
2016-03,PROFESSIONALS,1st,389
2016-03,PROFESSIONALS,2nd,281
2016-03,PROFESSIONALS,3rd,52
2016-03,PROFESSIONALS,4th,6
2016-03,PROFESSIONALS,5th,1
2016-03,"SERVICE WKRS, SHOP, MARKET SALES WKRS",1st,108
2016-03,"SERVICE WKRS, SHOP, MARKET SALES WKRS",2nd,71
2016-03,"SERVICE WKRS, SHOP, MARKET SALES WKRS",3rd,40
2016-03,"SERVICE WKRS, SHOP, MARKET SALES WKRS",4th,11
2016-03,"SERVICE WKRS, SHOP, MARKET SALES WKRS",5th,5
2016-03,"SERVICE WKRS, SHOP, MARKET SALES WKRS",6th,3
2016-03,TECHNICIANS & ASSOCIATE PROFS,1st,558
2016-03,TECHNICIANS & ASSOCIATE PROFS,2nd,422
2016-03,TECHNICIANS & ASSOCIATE PROFS,3rd,104
2016-03,TECHNICIANS & ASSOCIATE PROFS,4th,24
2016-03,TECHNICIANS & ASSOCIATE PROFS,5th,6
2016-03,TECHNICIANS & ASSOCIATE PROFS,6th,2
2016-03,WKRS NOT CLASSIFIABLE BY OCCUPATION,1st,7
2016-03,WKRS NOT CLASSIFIABLE BY OCCUPATION,2nd,3
2016-03,WKRS NOT CLASSIFIABLE BY OCCUPATION,3rd,2
2016-04,"CLEANERS, LABOURERS & REL WORKERS",2nd,1
2016-04,"CLEANERS, LABOURERS & REL WORKERS",3rd,2
2016-04,CLERICAL WORKERS,1st,46
2016-04,CLERICAL WORKERS,2nd,45
2016-04,CLERICAL WORKERS,3rd,35
2016-04,CLERICAL WORKERS,4th,3
2016-04,"LEGISLATORS, SNR OFFICIALS & MGRS",1st,103
2016-04,"LEGISLATORS, SNR OFFICIALS & MGRS",2nd,75
2016-04,"LEGISLATORS, SNR OFFICIALS & MGRS",3rd,27
2016-04,"LEGISLATORS, SNR OFFICIALS & MGRS",4th,6
2016-04,"LEGISLATORS, SNR OFFICIALS & MGRS",5th,4
2016-04,PERSONS NOT ECONOMICALLY ACTIVE,1st,390
2016-04,PERSONS NOT ECONOMICALLY ACTIVE,2nd,372
2016-04,PERSONS NOT ECONOMICALLY ACTIVE,3rd,140
2016-04,PERSONS NOT ECONOMICALLY ACTIVE,4th,52
2016-04,PERSONS NOT ECONOMICALLY ACTIVE,5th,23
2016-04,PERSONS NOT ECONOMICALLY ACTIVE,6th,10
2016-04,PERSONS NOT ECONOMICALLY ACTIVE,7th,3
2016-04,PERSONS NOT ECONOMICALLY ACTIVE,8th,1
2016-04,PERSONS NOT ECONOMICALLY ACTIVE,9th & over,3
2016-04,PRODUCTION CRAFTSMEN & REL WORKERS,1st,1
2016-04,PRODUCTION CRAFTSMEN & REL WORKERS,2nd,4
2016-04,PRODUCTION CRAFTSMEN & REL WORKERS,3rd,1
2016-04,PROFESSIONALS,1st,361
2016-04,PROFESSIONALS,2nd,233
2016-04,PROFESSIONALS,3rd,72
2016-04,PROFESSIONALS,4th,7
2016-04,PROFESSIONALS,5th,2
2016-04,PROFESSIONALS,6th,1
2016-04,"SERVICE WKRS, SHOP, MARKET SALES WKRS",1st,88
2016-04,"SERVICE WKRS, SHOP, MARKET SALES WKRS",2nd,76
2016-04,"SERVICE WKRS, SHOP, MARKET SALES WKRS",3rd,39
2016-04,"SERVICE WKRS, SHOP, MARKET SALES WKRS",4th,14
2016-04,"SERVICE WKRS, SHOP, MARKET SALES WKRS",5th,3
2016-04,"SERVICE WKRS, SHOP, MARKET SALES WKRS",6th,1
2016-04,"SERVICE WKRS, SHOP, MARKET SALES WKRS",7th,1
2016-04,TECHNICIANS & ASSOCIATE PROFS,1st,570
2016-04,TECHNICIANS & ASSOCIATE PROFS,2nd,398
2016-04,TECHNICIANS & ASSOCIATE PROFS,3rd,122
2016-04,TECHNICIANS & ASSOCIATE PROFS,4th,25
2016-04,TECHNICIANS & ASSOCIATE PROFS,5th,3
2016-04,WKRS NOT CLASSIFIABLE BY OCCUPATION,1st,3
2016-04,WKRS NOT CLASSIFIABLE BY OCCUPATION,2nd,1
2016-04,WKRS NOT CLASSIFIABLE BY OCCUPATION,3rd,2
2016-04,WKRS NOT CLASSIFIABLE BY OCCUPATION,4th,1
2016-05,"CLEANERS, LABOURERS & REL WORKERS",2nd,1
2016-05,"CLEANERS, LABOURERS & REL WORKERS",3rd,1
2016-05,CLERICAL WORKERS,1st,50
2016-05,CLERICAL WORKERS,2nd,54
2016-05,CLERICAL WORKERS,3rd,26
2016-05,CLERICAL WORKERS,4th,14
2016-05,CLERICAL WORKERS,5th,3
2016-05,CLERICAL WORKERS,6th,1
2016-05,"LEGISLATORS, SNR OFFICIALS & MGRS",1st,113
2016-05,"LEGISLATORS, SNR OFFICIALS & MGRS",2nd,91
2016-05,"LEGISLATORS, SNR OFFICIALS & MGRS",3rd,28
2016-05,"LEGISLATORS, SNR OFFICIALS & MGRS",4th,2
2016-05,"LEGISLATORS, SNR OFFICIALS & MGRS",5th,2
2016-05,"LEGISLATORS, SNR OFFICIALS & MGRS",6th,1
2016-05,PERSONS NOT ECONOMICALLY ACTIVE,1st,422
2016-05,PERSONS NOT ECONOMICALLY ACTIVE,2nd,329
2016-05,PERSONS NOT ECONOMICALLY ACTIVE,3rd,157
2016-05,PERSONS NOT ECONOMICALLY ACTIVE,4th,61
2016-05,PERSONS NOT ECONOMICALLY ACTIVE,5th,22
2016-05,PERSONS NOT ECONOMICALLY ACTIVE,6th,8
2016-05,PERSONS NOT ECONOMICALLY ACTIVE,7th,4
2016-05,PERSONS NOT ECONOMICALLY ACTIVE,9th & over,1
2016-05,PLANT/MACHINE OPERATORS & ASSEMBLERS,3rd,1
2016-05,PRODUCTION CRAFTSMEN & REL WORKERS,1st,3
2016-05,PRODUCTION CRAFTSMEN & REL WORKERS,2nd,1
2016-05,PRODUCTION CRAFTSMEN & REL WORKERS,3rd,2
2016-05,PRODUCTION CRAFTSMEN & REL WORKERS,4th,1
2016-05,PROFESSIONALS,1st,341
2016-05,PROFESSIONALS,2nd,237
2016-05,PROFESSIONALS,3rd,68
2016-05,PROFESSIONALS,4th,9
2016-05,PROFESSIONALS,5th,2
2016-05,"SERVICE WKRS, SHOP, MARKET SALES WKRS",1st,112
2016-05,"SERVICE WKRS, SHOP, MARKET SALES WKRS",2nd,82
2016-05,"SERVICE WKRS, SHOP, MARKET SALES WKRS",3rd,35
2016-05,"SERVICE WKRS, SHOP, MARKET SALES WKRS",4th,17
2016-05,"SERVICE WKRS, SHOP, MARKET SALES WKRS",5th,3
2016-05,"SERVICE WKRS, SHOP, MARKET SALES WKRS",6th,1
2016-05,"SERVICE WKRS, SHOP, MARKET SALES WKRS",7th,1
2016-05,TECHNICIANS & ASSOCIATE PROFS,1st,547
2016-05,TECHNICIANS & ASSOCIATE PROFS,2nd,401
2016-05,TECHNICIANS & ASSOCIATE PROFS,3rd,113
2016-05,TECHNICIANS & ASSOCIATE PROFS,4th,23
2016-05,TECHNICIANS & ASSOCIATE PROFS,5th,4
2016-05,TECHNICIANS & ASSOCIATE PROFS,6th,1
2016-05,WKRS NOT CLASSIFIABLE BY OCCUPATION,1st,7
2016-05,WKRS NOT CLASSIFIABLE BY OCCUPATION,2nd,7
2016-05,WKRS NOT CLASSIFIABLE BY OCCUPATION,3rd,2
2016-06,"CLEANERS, LABOURERS & REL WORKERS",1st,1
2016-06,"CLEANERS, LABOURERS & REL WORKERS",2nd,1
2016-06,CLERICAL WORKERS,1st,60
2016-06,CLERICAL WORKERS,2nd,48
2016-06,CLERICAL WORKERS,3rd,24
2016-06,CLERICAL WORKERS,4th,19
2016-06,"LEGISLATORS, SNR OFFICIALS & MGRS",1st,136
2016-06,"LEGISLATORS, SNR OFFICIALS & MGRS",2nd,133
2016-06,"LEGISLATORS, SNR OFFICIALS & MGRS",3rd,28
2016-06,"LEGISLATORS, SNR OFFICIALS & MGRS",4th,8
2016-06,PERSONS NOT ECONOMICALLY ACTIVE,1st,374
2016-06,PERSONS NOT ECONOMICALLY ACTIVE,2nd,370
2016-06,PERSONS NOT ECONOMICALLY ACTIVE,3rd,155
2016-06,PERSONS NOT ECONOMICALLY ACTIVE,4th,49
2016-06,PERSONS NOT ECONOMICALLY ACTIVE,5th,17
2016-06,PERSONS NOT ECONOMICALLY ACTIVE,6th,4
2016-06,PERSONS NOT ECONOMICALLY ACTIVE,7th,5
2016-06,PERSONS NOT ECONOMICALLY ACTIVE,9th & over,3
2016-06,PLANT/MACHINE OPERATORS & ASSEMBLERS,1st,3
2016-06,PLANT/MACHINE OPERATORS & ASSEMBLERS,2nd,1
2016-06,PRODUCTION CRAFTSMEN & REL WORKERS,1st,1
2016-06,PRODUCTION CRAFTSMEN & REL WORKERS,2nd,3
2016-06,PRODUCTION CRAFTSMEN & REL WORKERS,4th,2
2016-06,PRODUCTION CRAFTSMEN & REL WORKERS,6th,1
2016-06,PROFESSIONALS,1st,339
2016-06,PROFESSIONALS,2nd,244
2016-06,PROFESSIONALS,3rd,60
2016-06,PROFESSIONALS,4th,10
2016-06,PROFESSIONALS,5th,3
2016-06,PROFESSIONALS,6th,1
2016-06,"SERVICE WKRS, SHOP, MARKET SALES WKRS",1st,120
2016-06,"SERVICE WKRS, SHOP, MARKET SALES WKRS",2nd,95
2016-06,"SERVICE WKRS, SHOP, MARKET SALES WKRS",3rd,38
2016-06,"SERVICE WKRS, SHOP, MARKET SALES WKRS",4th,18
2016-06,"SERVICE WKRS, SHOP, MARKET SALES WKRS",5th,6
2016-06,"SERVICE WKRS, SHOP, MARKET SALES WKRS",6th,1
2016-06,TECHNICIANS & ASSOCIATE PROFS,1st,561
2016-06,TECHNICIANS & ASSOCIATE PROFS,2nd,396
2016-06,TECHNICIANS & ASSOCIATE PROFS,3rd,113
2016-06,TECHNICIANS & ASSOCIATE PROFS,4th,20
2016-06,TECHNICIANS & ASSOCIATE PROFS,6th,2
2016-06,WKRS NOT CLASSIFIABLE BY OCCUPATION,1st,8
2016-06,WKRS NOT CLASSIFIABLE BY OCCUPATION,2nd,6
2016-06,WKRS NOT CLASSIFIABLE BY OCCUPATION,3rd,5
2016-06,WKRS NOT CLASSIFIABLE BY OCCUPATION,4th,4
2016-07,"CLEANERS, LABOURERS & REL WORKERS",2nd,2
2016-07,"CLEANERS, LABOURERS & REL WORKERS",4th,1
2016-07,CLERICAL WORKERS,1st,46
2016-07,CLERICAL WORKERS,2nd,52
2016-07,CLERICAL WORKERS,3rd,17
2016-07,CLERICAL WORKERS,4th,12
2016-07,CLERICAL WORKERS,5th,1
2016-07,"LEGISLATORS, SNR OFFICIALS & MGRS",1st,128
2016-07,"LEGISLATORS, SNR OFFICIALS & MGRS",2nd,99
2016-07,"LEGISLATORS, SNR OFFICIALS & MGRS",3rd,30
2016-07,"LEGISLATORS, SNR OFFICIALS & MGRS",4th,7
2016-07,PERSONS NOT ECONOMICALLY ACTIVE,1st,392
2016-07,PERSONS NOT ECONOMICALLY ACTIVE,2nd,356
2016-07,PERSONS NOT ECONOMICALLY ACTIVE,3rd,154
2016-07,PERSONS NOT ECONOMICALLY ACTIVE,4th,68
2016-07,PERSONS NOT ECONOMICALLY ACTIVE,5th,21
2016-07,PERSONS NOT ECONOMICALLY ACTIVE,6th,9
2016-07,PERSONS NOT ECONOMICALLY ACTIVE,7th,4
2016-07,PERSONS NOT ECONOMICALLY ACTIVE,8th,2
2016-07,PERSONS NOT ECONOMICALLY ACTIVE,9th & over,1
2016-07,PLANT/MACHINE OPERATORS & ASSEMBLERS,1st,1
2016-07,PLANT/MACHINE OPERATORS & ASSEMBLERS,2nd,1
2016-07,PRODUCTION CRAFTSMEN & REL WORKERS,1st,1
2016-07,PRODUCTION CRAFTSMEN & REL WORKERS,2nd,2
2016-07,PRODUCTION CRAFTSMEN & REL WORKERS,3rd,1
2016-07,PROFESSIONALS,1st,359
2016-07,PROFESSIONALS,2nd,256
2016-07,PROFESSIONALS,3rd,66
2016-07,PROFESSIONALS,4th,10
2016-07,PROFESSIONALS,5th,1
2016-07,"SERVICE WKRS, SHOP, MARKET SALES WKRS",1st,76
2016-07,"SERVICE WKRS, SHOP, MARKET SALES WKRS",2nd,83
2016-07,"SERVICE WKRS, SHOP, MARKET SALES WKRS",3rd,41
2016-07,"SERVICE WKRS, SHOP, MARKET SALES WKRS",4th,12
2016-07,"SERVICE WKRS, SHOP, MARKET SALES WKRS",5th,2
2016-07,"SERVICE WKRS, SHOP, MARKET SALES WKRS",9th & over,1
2016-07,TECHNICIANS & ASSOCIATE PROFS,1st,587
2016-07,TECHNICIANS & ASSOCIATE PROFS,2nd,392
2016-07,TECHNICIANS & ASSOCIATE PROFS,3rd,107
2016-07,TECHNICIANS & ASSOCIATE PROFS,4th,28
2016-07,TECHNICIANS & ASSOCIATE PROFS,5th,6
2016-07,WKRS NOT CLASSIFIABLE BY OCCUPATION,1st,5
2016-07,WKRS NOT CLASSIFIABLE BY OCCUPATION,2nd,4
2016-07,WKRS NOT CLASSIFIABLE BY OCCUPATION,3rd,4
2016-07,WKRS NOT CLASSIFIABLE BY OCCUPATION,4th,1
2016-08,"CLEANERS, LABOURERS & REL WORKERS",4th,2
2016-08,CLERICAL WORKERS,1st,58
2016-08,CLERICAL WORKERS,2nd,47
2016-08,CLERICAL WORKERS,3rd,39
2016-08,CLERICAL WORKERS,4th,6
2016-08,CLERICAL WORKERS,5th,2
2016-08,"LEGISLATORS, SNR OFFICIALS & MGRS",1st,144
2016-08,"LEGISLATORS, SNR OFFICIALS & MGRS",2nd,92
2016-08,"LEGISLATORS, SNR OFFICIALS & MGRS",3rd,27
2016-08,"LEGISLATORS, SNR OFFICIALS & MGRS",4th,6
2016-08,PERSONS NOT ECONOMICALLY ACTIVE,1st,402
2016-08,PERSONS NOT ECONOMICALLY ACTIVE,2nd,376
2016-08,PERSONS NOT ECONOMICALLY ACTIVE,3rd,135
2016-08,PERSONS NOT ECONOMICALLY ACTIVE,4th,62
2016-08,PERSONS NOT ECONOMICALLY ACTIVE,5th,24
2016-08,PERSONS NOT ECONOMICALLY ACTIVE,6th,7
2016-08,PERSONS NOT ECONOMICALLY ACTIVE,7th,2
2016-08,PERSONS NOT ECONOMICALLY ACTIVE,8th,2
2016-08,PLANT/MACHINE OPERATORS & ASSEMBLERS,1st,2
2016-08,PRODUCTION CRAFTSMEN & REL WORKERS,1st,5
2016-08,PRODUCTION CRAFTSMEN & REL WORKERS,2nd,2
2016-08,PRODUCTION CRAFTSMEN & REL WORKERS,4th,1
2016-08,PROFESSIONALS,1st,352
2016-08,PROFESSIONALS,2nd,270
2016-08,PROFESSIONALS,3rd,61
2016-08,PROFESSIONALS,4th,14
2016-08,"SERVICE WKRS, SHOP, MARKET SALES WKRS",1st,97
2016-08,"SERVICE WKRS, SHOP, MARKET SALES WKRS",2nd,86
2016-08,"SERVICE WKRS, SHOP, MARKET SALES WKRS",3rd,53
2016-08,"SERVICE WKRS, SHOP, MARKET SALES WKRS",4th,8
2016-08,"SERVICE WKRS, SHOP, MARKET SALES WKRS",5th,7
2016-08,TECHNICIANS & ASSOCIATE PROFS,1st,581
2016-08,TECHNICIANS & ASSOCIATE PROFS,2nd,371
2016-08,TECHNICIANS & ASSOCIATE PROFS,3rd,98
2016-08,TECHNICIANS & ASSOCIATE PROFS,4th,28
2016-08,TECHNICIANS & ASSOCIATE PROFS,5th,4
2016-08,TECHNICIANS & ASSOCIATE PROFS,6th,1
2016-08,WKRS NOT CLASSIFIABLE BY OCCUPATION,1st,4
2016-08,WKRS NOT CLASSIFIABLE BY OCCUPATION,2nd,6
2016-08,WKRS NOT CLASSIFIABLE BY OCCUPATION,3rd,3
2016-08,WKRS NOT CLASSIFIABLE BY OCCUPATION,4th,1
2016-08,WKRS NOT CLASSIFIABLE BY OCCUPATION,5th,1
2016-09,"CLEANERS, LABOURERS & REL WORKERS",2nd,2
2016-09,"CLEANERS, LABOURERS & REL WORKERS",3rd,1
2016-09,CLERICAL WORKERS,1st,68
2016-09,CLERICAL WORKERS,2nd,47
2016-09,CLERICAL WORKERS,3rd,23
2016-09,CLERICAL WORKERS,4th,11
2016-09,CLERICAL WORKERS,5th,3
2016-09,CLERICAL WORKERS,6th,1
2016-09,"LEGISLATORS, SNR OFFICIALS & MGRS",1st,140
2016-09,"LEGISLATORS, SNR OFFICIALS & MGRS",2nd,108
2016-09,"LEGISLATORS, SNR OFFICIALS & MGRS",3rd,28
2016-09,"LEGISLATORS, SNR OFFICIALS & MGRS",4th,3
2016-09,PERSONS NOT ECONOMICALLY ACTIVE,1st,396
2016-09,PERSONS NOT ECONOMICALLY ACTIVE,2nd,369
2016-09,PERSONS NOT ECONOMICALLY ACTIVE,3rd,145
2016-09,PERSONS NOT ECONOMICALLY ACTIVE,4th,48
2016-09,PERSONS NOT ECONOMICALLY ACTIVE,5th,21
2016-09,PERSONS NOT ECONOMICALLY ACTIVE,6th,5
2016-09,PERSONS NOT ECONOMICALLY ACTIVE,7th,3
2016-09,PERSONS NOT ECONOMICALLY ACTIVE,8th,1
2016-09,PERSONS NOT ECONOMICALLY ACTIVE,9th & over,4
2016-09,PLANT/MACHINE OPERATORS & ASSEMBLERS,1st,1
2016-09,PLANT/MACHINE OPERATORS & ASSEMBLERS,2nd,1
2016-09,PRODUCTION CRAFTSMEN & REL WORKERS,1st,1
2016-09,PRODUCTION CRAFTSMEN & REL WORKERS,2nd,2
2016-09,PRODUCTION CRAFTSMEN & REL WORKERS,3rd,1
2016-09,PROFESSIONALS,1st,440
2016-09,PROFESSIONALS,2nd,263
2016-09,PROFESSIONALS,3rd,63
2016-09,PROFESSIONALS,4th,6
2016-09,PROFESSIONALS,5th,2
2016-09,"SERVICE WKRS, SHOP, MARKET SALES WKRS",1st,92
2016-09,"SERVICE WKRS, SHOP, MARKET SALES WKRS",2nd,95
2016-09,"SERVICE WKRS, SHOP, MARKET SALES WKRS",3rd,41
2016-09,"SERVICE WKRS, SHOP, MARKET SALES WKRS",4th,15
2016-09,"SERVICE WKRS, SHOP, MARKET SALES WKRS",5th,6
2016-09,"SERVICE WKRS, SHOP, MARKET SALES WKRS",6th,2
2016-09,"SERVICE WKRS, SHOP, MARKET SALES WKRS",7th,1
2016-09,TECHNICIANS & ASSOCIATE PROFS,1st,644
2016-09,TECHNICIANS & ASSOCIATE PROFS,2nd,432
2016-09,TECHNICIANS & ASSOCIATE PROFS,3rd,113
2016-09,TECHNICIANS & ASSOCIATE PROFS,4th,21
2016-09,TECHNICIANS & ASSOCIATE PROFS,5th,1
2016-09,TECHNICIANS & ASSOCIATE PROFS,6th,3
2016-09,TECHNICIANS & ASSOCIATE PROFS,7th,1
2016-09,WKRS NOT CLASSIFIABLE BY OCCUPATION,1st,6
2016-09,WKRS NOT CLASSIFIABLE BY OCCUPATION,2nd,2
2016-09,WKRS NOT CLASSIFIABLE BY OCCUPATION,3rd,2
2016-10,"CLEANERS, LABOURERS & REL WORKERS",1st,1
2016-10,"CLEANERS, LABOURERS & REL WORKERS",2nd,1
2016-10,CLERICAL WORKERS,1st,52
2016-10,CLERICAL WORKERS,2nd,50
2016-10,CLERICAL WORKERS,3rd,23
2016-10,CLERICAL WORKERS,4th,12
2016-10,CLERICAL WORKERS,5th,1
2016-10,CLERICAL WORKERS,7th,1
2016-10,"LEGISLATORS, SNR OFFICIALS & MGRS",1st,130
2016-10,"LEGISLATORS, SNR OFFICIALS & MGRS",2nd,103
2016-10,"LEGISLATORS, SNR OFFICIALS & MGRS",3rd,31
2016-10,"LEGISLATORS, SNR OFFICIALS & MGRS",4th,10
2016-10,"LEGISLATORS, SNR OFFICIALS & MGRS",5th,1
2016-10,PERSONS NOT ECONOMICALLY ACTIVE,1st,400
2016-10,PERSONS NOT ECONOMICALLY ACTIVE,2nd,382
2016-10,PERSONS NOT ECONOMICALLY ACTIVE,3rd,145
2016-10,PERSONS NOT ECONOMICALLY ACTIVE,4th,50
2016-10,PERSONS NOT ECONOMICALLY ACTIVE,5th,21
2016-10,PERSONS NOT ECONOMICALLY ACTIVE,6th,10
2016-10,PERSONS NOT ECONOMICALLY ACTIVE,7th,5
2016-10,PERSONS NOT ECONOMICALLY ACTIVE,8th,2
2016-10,PERSONS NOT ECONOMICALLY ACTIVE,9th & over,1
2016-10,PLANT/MACHINE OPERATORS & ASSEMBLERS,1st,2
2016-10,PRODUCTION CRAFTSMEN & REL WORKERS,1st,4
2016-10,PRODUCTION CRAFTSMEN & REL WORKERS,2nd,2
2016-10,PRODUCTION CRAFTSMEN & REL WORKERS,4th,1
2016-10,PROFESSIONALS,1st,371
2016-10,PROFESSIONALS,2nd,242
2016-10,PROFESSIONALS,3rd,67
2016-10,PROFESSIONALS,4th,8
2016-10,PROFESSIONALS,5th,1
2016-10,"SERVICE WKRS, SHOP, MARKET SALES WKRS",1st,106
2016-10,"SERVICE WKRS, SHOP, MARKET SALES WKRS",2nd,69
2016-10,"SERVICE WKRS, SHOP, MARKET SALES WKRS",3rd,51
2016-10,"SERVICE WKRS, SHOP, MARKET SALES WKRS",4th,12
2016-10,"SERVICE WKRS, SHOP, MARKET SALES WKRS",5th,4
2016-10,"SERVICE WKRS, SHOP, MARKET SALES WKRS",6th,2
2016-10,TECHNICIANS & ASSOCIATE PROFS,1st,603
2016-10,TECHNICIANS & ASSOCIATE PROFS,2nd,413
2016-10,TECHNICIANS & ASSOCIATE PROFS,3rd,127
2016-10,TECHNICIANS & ASSOCIATE PROFS,4th,17
2016-10,TECHNICIANS & ASSOCIATE PROFS,5th,4
2016-10,WKRS NOT CLASSIFIABLE BY OCCUPATION,1st,2
2016-10,WKRS NOT CLASSIFIABLE BY OCCUPATION,2nd,6
2016-10,WKRS NOT CLASSIFIABLE BY OCCUPATION,3rd,3
2016-11,CLERICAL WORKERS,1st,47
2016-11,CLERICAL WORKERS,2nd,48
2016-11,CLERICAL WORKERS,3rd,27
2016-11,CLERICAL WORKERS,4th,12
2016-11,CLERICAL WORKERS,5th,2
2016-11,"LEGISLATORS, SNR OFFICIALS & MGRS",1st,155
2016-11,"LEGISLATORS, SNR OFFICIALS & MGRS",2nd,106
2016-11,"LEGISLATORS, SNR OFFICIALS & MGRS",3rd,29
2016-11,"LEGISLATORS, SNR OFFICIALS & MGRS",4th,6
2016-11,PERSONS NOT ECONOMICALLY ACTIVE,1st,398
2016-11,PERSONS NOT ECONOMICALLY ACTIVE,2nd,340
2016-11,PERSONS NOT ECONOMICALLY ACTIVE,3rd,139
2016-11,PERSONS NOT ECONOMICALLY ACTIVE,4th,45
2016-11,PERSONS NOT ECONOMICALLY ACTIVE,5th,27
2016-11,PERSONS NOT ECONOMICALLY ACTIVE,6th,8
2016-11,PERSONS NOT ECONOMICALLY ACTIVE,7th,2
2016-11,PERSONS NOT ECONOMICALLY ACTIVE,8th,1
2016-11,PERSONS NOT ECONOMICALLY ACTIVE,9th & over,1
2016-11,PLANT/MACHINE OPERATORS & ASSEMBLERS,1st,1
2016-11,PLANT/MACHINE OPERATORS & ASSEMBLERS,2nd,2
2016-11,PLANT/MACHINE OPERATORS & ASSEMBLERS,3rd,2
2016-11,PRODUCTION CRAFTSMEN & REL WORKERS,1st,4
2016-11,PRODUCTION CRAFTSMEN & REL WORKERS,2nd,6
2016-11,PRODUCTION CRAFTSMEN & REL WORKERS,4th,2
2016-11,PROFESSIONALS,1st,346
2016-11,PROFESSIONALS,2nd,243
2016-11,PROFESSIONALS,3rd,64
2016-11,PROFESSIONALS,4th,16
2016-11,PROFESSIONALS,6th,1
2016-11,"SERVICE WKRS, SHOP, MARKET SALES WKRS",1st,108
2016-11,"SERVICE WKRS, SHOP, MARKET SALES WKRS",2nd,85
2016-11,"SERVICE WKRS, SHOP, MARKET SALES WKRS",3rd,26
2016-11,"SERVICE WKRS, SHOP, MARKET SALES WKRS",4th,23
2016-11,"SERVICE WKRS, SHOP, MARKET SALES WKRS",5th,13
2016-11,"SERVICE WKRS, SHOP, MARKET SALES WKRS",6th,3
2016-11,"SERVICE WKRS, SHOP, MARKET SALES WKRS",7th,1
2016-11,TECHNICIANS & ASSOCIATE PROFS,1st,546
2016-11,TECHNICIANS & ASSOCIATE PROFS,2nd,445
2016-11,TECHNICIANS & ASSOCIATE PROFS,3rd,115
2016-11,TECHNICIANS & ASSOCIATE PROFS,4th,12
2016-11,TECHNICIANS & ASSOCIATE PROFS,5th,2
2016-11,TECHNICIANS & ASSOCIATE PROFS,6th,1
2016-11,WKRS NOT CLASSIFIABLE BY OCCUPATION,1st,4
2016-11,WKRS NOT CLASSIFIABLE BY OCCUPATION,2nd,1
2016-12,CLERICAL WORKERS,1st,63
2016-12,CLERICAL WORKERS,2nd,45
2016-12,CLERICAL WORKERS,3rd,19
2016-12,CLERICAL WORKERS,4th,8
2016-12,CLERICAL WORKERS,5th,6
2016-12,CLERICAL WORKERS,6th,2
2016-12,CLERICAL WORKERS,8th,1
2016-12,"LEGISLATORS, SNR OFFICIALS & MGRS",1st,146
2016-12,"LEGISLATORS, SNR OFFICIALS & MGRS",2nd,128
2016-12,"LEGISLATORS, SNR OFFICIALS & MGRS",3rd,31
2016-12,"LEGISLATORS, SNR OFFICIALS & MGRS",4th,6
2016-12,"LEGISLATORS, SNR OFFICIALS & MGRS",5th,2
2016-12,PERSONS NOT ECONOMICALLY ACTIVE,1st,343
2016-12,PERSONS NOT ECONOMICALLY ACTIVE,2nd,308
2016-12,PERSONS NOT ECONOMICALLY ACTIVE,3rd,153
2016-12,PERSONS NOT ECONOMICALLY ACTIVE,4th,46
2016-12,PERSONS NOT ECONOMICALLY ACTIVE,5th,28
2016-12,PERSONS NOT ECONOMICALLY ACTIVE,6th,6
2016-12,PERSONS NOT ECONOMICALLY ACTIVE,7th,2
2016-12,PERSONS NOT ECONOMICALLY ACTIVE,8th,4
2016-12,PERSONS NOT ECONOMICALLY ACTIVE,9th & over,2
2016-12,PLANT/MACHINE OPERATORS & ASSEMBLERS,1st,2
2016-12,PRODUCTION CRAFTSMEN & REL WORKERS,1st,6
2016-12,PRODUCTION CRAFTSMEN & REL WORKERS,2nd,4
2016-12,PROFESSIONALS,1st,376
2016-12,PROFESSIONALS,2nd,264
2016-12,PROFESSIONALS,3rd,44
2016-12,PROFESSIONALS,4th,6
2016-12,PROFESSIONALS,5th,2
2016-12,"SERVICE WKRS, SHOP, MARKET SALES WKRS",1st,98
2016-12,"SERVICE WKRS, SHOP, MARKET SALES WKRS",2nd,72
2016-12,"SERVICE WKRS, SHOP, MARKET SALES WKRS",3rd,40
2016-12,"SERVICE WKRS, SHOP, MARKET SALES WKRS",4th,14
2016-12,"SERVICE WKRS, SHOP, MARKET SALES WKRS",5th,9
2016-12,"SERVICE WKRS, SHOP, MARKET SALES WKRS",6th,1
2016-12,TECHNICIANS & ASSOCIATE PROFS,1st,590
2016-12,TECHNICIANS & ASSOCIATE PROFS,2nd,386
2016-12,TECHNICIANS & ASSOCIATE PROFS,3rd,116
2016-12,TECHNICIANS & ASSOCIATE PROFS,4th,16
2016-12,TECHNICIANS & ASSOCIATE PROFS,5th,5
2016-12,TECHNICIANS & ASSOCIATE PROFS,7th,1
2016-12,WKRS NOT CLASSIFIABLE BY OCCUPATION,1st,1
2016-12,WKRS NOT CLASSIFIABLE BY OCCUPATION,2nd,5
2016-12,WKRS NOT CLASSIFIABLE BY OCCUPATION,3rd,3
2017-01,AGRICULTURAL & FISHERY WORKERS,1st,1
2017-01,"CLEANERS, LABOURERS & REL WORKERS",1st,2
2017-01,"CLEANERS, LABOURERS & REL WORKERS",4th,1
2017-01,CLERICAL WORKERS,1st,64
2017-01,CLERICAL WORKERS,2nd,45
2017-01,CLERICAL WORKERS,3rd,24
2017-01,CLERICAL WORKERS,4th,12
2017-01,CLERICAL WORKERS,5th,1
2017-01,CLERICAL WORKERS,6th,2
2017-01,"LEGISLATORS, SNR OFFICIALS & MGRS",1st,141
2017-01,"LEGISLATORS, SNR OFFICIALS & MGRS",2nd,130
2017-01,"LEGISLATORS, SNR OFFICIALS & MGRS",3rd,22
2017-01,"LEGISLATORS, SNR OFFICIALS & MGRS",4th,7
2017-01,PERSONS NOT ECONOMICALLY ACTIVE,1st,387
2017-01,PERSONS NOT ECONOMICALLY ACTIVE,2nd,368
2017-01,PERSONS NOT ECONOMICALLY ACTIVE,3rd,146
2017-01,PERSONS NOT ECONOMICALLY ACTIVE,4th,58
2017-01,PERSONS NOT ECONOMICALLY ACTIVE,5th,23
2017-01,PERSONS NOT ECONOMICALLY ACTIVE,6th,8
2017-01,PERSONS NOT ECONOMICALLY ACTIVE,7th,3
2017-01,PERSONS NOT ECONOMICALLY ACTIVE,8th,1
2017-01,PLANT/MACHINE OPERATORS & ASSEMBLERS,1st,1
2017-01,PLANT/MACHINE OPERATORS & ASSEMBLERS,2nd,3
2017-01,PRODUCTION CRAFTSMEN & REL WORKERS,1st,3
2017-01,PRODUCTION CRAFTSMEN & REL WORKERS,2nd,1
2017-01,PRODUCTION CRAFTSMEN & REL WORKERS,4th,1
2017-01,PROFESSIONALS,1st,335
2017-01,PROFESSIONALS,2nd,234
2017-01,PROFESSIONALS,3rd,59
2017-01,PROFESSIONALS,4th,5
2017-01,PROFESSIONALS,5th,2
2017-01,"SERVICE WKRS, SHOP, MARKET SALES WKRS",1st,116
2017-01,"SERVICE WKRS, SHOP, MARKET SALES WKRS",2nd,96
2017-01,"SERVICE WKRS, SHOP, MARKET SALES WKRS",3rd,45
2017-01,"SERVICE WKRS, SHOP, MARKET SALES WKRS",4th,17
2017-01,"SERVICE WKRS, SHOP, MARKET SALES WKRS",5th,4
2017-01,"SERVICE WKRS, SHOP, MARKET SALES WKRS",6th,1
2017-01,TECHNICIANS & ASSOCIATE PROFS,1st,521
2017-01,TECHNICIANS & ASSOCIATE PROFS,2nd,357
2017-01,TECHNICIANS & ASSOCIATE PROFS,3rd,101
2017-01,TECHNICIANS & ASSOCIATE PROFS,4th,23
2017-01,TECHNICIANS & ASSOCIATE PROFS,5th,3
2017-01,TECHNICIANS & ASSOCIATE PROFS,6th,1
2017-01,WKRS NOT CLASSIFIABLE BY OCCUPATION,1st,4
2017-01,WKRS NOT CLASSIFIABLE BY OCCUPATION,2nd,2
2017-01,WKRS NOT CLASSIFIABLE BY OCCUPATION,3rd,3
2017-02,CLERICAL WORKERS,1st,40
2017-02,CLERICAL WORKERS,2nd,44
2017-02,CLERICAL WORKERS,3rd,18
2017-02,CLERICAL WORKERS,4th,6
2017-02,CLERICAL WORKERS,5th,1
2017-02,CLERICAL WORKERS,6th,3
2017-02,"LEGISLATORS, SNR OFFICIALS & MGRS",1st,131
2017-02,"LEGISLATORS, SNR OFFICIALS & MGRS",2nd,95
2017-02,"LEGISLATORS, SNR OFFICIALS & MGRS",3rd,29
2017-02,"LEGISLATORS, SNR OFFICIALS & MGRS",4th,5
2017-02,PERSONS NOT ECONOMICALLY ACTIVE,1st,325
2017-02,PERSONS NOT ECONOMICALLY ACTIVE,2nd,300
2017-02,PERSONS NOT ECONOMICALLY ACTIVE,3rd,116
2017-02,PERSONS NOT ECONOMICALLY ACTIVE,4th,52
2017-02,PERSONS NOT ECONOMICALLY ACTIVE,5th,14
2017-02,PERSONS NOT ECONOMICALLY ACTIVE,6th,9
2017-02,PERSONS NOT ECONOMICALLY ACTIVE,7th,4
2017-02,PERSONS NOT ECONOMICALLY ACTIVE,8th,1
2017-02,PERSONS NOT ECONOMICALLY ACTIVE,9th & over,3
2017-02,PLANT/MACHINE OPERATORS & ASSEMBLERS,1st,1
2017-02,PRODUCTION CRAFTSMEN & REL WORKERS,1st,1
2017-02,PRODUCTION CRAFTSMEN & REL WORKERS,2nd,3
2017-02,PRODUCTION CRAFTSMEN & REL WORKERS,3rd,3
2017-02,PROFESSIONALS,1st,357
2017-02,PROFESSIONALS,2nd,239
2017-02,PROFESSIONALS,3rd,61
2017-02,PROFESSIONALS,4th,10
2017-02,PROFESSIONALS,5th,2
2017-02,PROFESSIONALS,6th,1
2017-02,"SERVICE WKRS, SHOP, MARKET SALES WKRS",1st,94
2017-02,"SERVICE WKRS, SHOP, MARKET SALES WKRS",2nd,58
2017-02,"SERVICE WKRS, SHOP, MARKET SALES WKRS",3rd,31
2017-02,"SERVICE WKRS, SHOP, MARKET SALES WKRS",4th,11
2017-02,"SERVICE WKRS, SHOP, MARKET SALES WKRS",5th,2
2017-02,"SERVICE WKRS, SHOP, MARKET SALES WKRS",6th,3
2017-02,"SERVICE WKRS, SHOP, MARKET SALES WKRS",7th,1
2017-02,TECHNICIANS & ASSOCIATE PROFS,1st,500
2017-02,TECHNICIANS & ASSOCIATE PROFS,2nd,322
2017-02,TECHNICIANS & ASSOCIATE PROFS,3rd,99
2017-02,TECHNICIANS & ASSOCIATE PROFS,4th,19
2017-02,TECHNICIANS & ASSOCIATE PROFS,5th,4
2017-02,WKRS NOT CLASSIFIABLE BY OCCUPATION,1st,1
2017-02,WKRS NOT CLASSIFIABLE BY OCCUPATION,4th,1
2017-03,"CLEANERS, LABOURERS & REL WORKERS",2nd,1
2017-03,CLERICAL WORKERS,1st,49
2017-03,CLERICAL WORKERS,2nd,44
2017-03,CLERICAL WORKERS,3rd,31
2017-03,CLERICAL WORKERS,4th,8
2017-03,CLERICAL WORKERS,6th,1
2017-03,CLERICAL WORKERS,7th,1
2017-03,"LEGISLATORS, SNR OFFICIALS & MGRS",1st,138
2017-03,"LEGISLATORS, SNR OFFICIALS & MGRS",2nd,100
2017-03,"LEGISLATORS, SNR OFFICIALS & MGRS",3rd,38
2017-03,"LEGISLATORS, SNR OFFICIALS & MGRS",4th,5
2017-03,"LEGISLATORS, SNR OFFICIALS & MGRS",5th,1
2017-03,PERSONS NOT ECONOMICALLY ACTIVE,1st,368
2017-03,PERSONS NOT ECONOMICALLY ACTIVE,2nd,384
2017-03,PERSONS NOT ECONOMICALLY ACTIVE,3rd,129
2017-03,PERSONS NOT ECONOMICALLY ACTIVE,4th,68
2017-03,PERSONS NOT ECONOMICALLY ACTIVE,5th,25
2017-03,PERSONS NOT ECONOMICALLY ACTIVE,6th,9
2017-03,PERSONS NOT ECONOMICALLY ACTIVE,7th,4
2017-03,PERSONS NOT ECONOMICALLY ACTIVE,8th,2
2017-03,PERSONS NOT ECONOMICALLY ACTIVE,9th & over,1
2017-03,PLANT/MACHINE OPERATORS & ASSEMBLERS,4th,1
2017-03,PRODUCTION CRAFTSMEN & REL WORKERS,2nd,1
2017-03,PRODUCTION CRAFTSMEN & REL WORKERS,3rd,2
2017-03,PROFESSIONALS,1st,354
2017-03,PROFESSIONALS,2nd,265
2017-03,PROFESSIONALS,3rd,75
2017-03,PROFESSIONALS,4th,9
2017-03,PROFESSIONALS,5th,2
2017-03,PROFESSIONALS,6th,2
2017-03,"SERVICE WKRS, SHOP, MARKET SALES WKRS",1st,78
2017-03,"SERVICE WKRS, SHOP, MARKET SALES WKRS",2nd,83
2017-03,"SERVICE WKRS, SHOP, MARKET SALES WKRS",3rd,37
2017-03,"SERVICE WKRS, SHOP, MARKET SALES WKRS",4th,17
2017-03,"SERVICE WKRS, SHOP, MARKET SALES WKRS",5th,5
2017-03,"SERVICE WKRS, SHOP, MARKET SALES WKRS",6th,2
2017-03,TECHNICIANS & ASSOCIATE PROFS,1st,506
2017-03,TECHNICIANS & ASSOCIATE PROFS,2nd,391
2017-03,TECHNICIANS & ASSOCIATE PROFS,3rd,121
2017-03,TECHNICIANS & ASSOCIATE PROFS,4th,21
2017-03,TECHNICIANS & ASSOCIATE PROFS,5th,4
2017-03,TECHNICIANS & ASSOCIATE PROFS,6th,2
2017-03,TECHNICIANS & ASSOCIATE PROFS,7th,1
2017-03,WKRS NOT CLASSIFIABLE BY OCCUPATION,1st,3
2017-04,"CLEANERS, LABOURERS & REL WORKERS",3rd,3
2017-04,CLERICAL WORKERS,1st,38
2017-04,CLERICAL WORKERS,2nd,48
2017-04,CLERICAL WORKERS,3rd,19
2017-04,CLERICAL WORKERS,4th,8
2017-04,CLERICAL WORKERS,5th,2
2017-04,CLERICAL WORKERS,6th,1
2017-04,CLERICAL WORKERS,7th,1
2017-04,"LEGISLATORS, SNR OFFICIALS & MGRS",1st,118
2017-04,"LEGISLATORS, SNR OFFICIALS & MGRS",2nd,104
2017-04,"LEGISLATORS, SNR OFFICIALS & MGRS",3rd,37
2017-04,"LEGISLATORS, SNR OFFICIALS & MGRS",4th,13
2017-04,PERSONS NOT ECONOMICALLY ACTIVE,1st,327
2017-04,PERSONS NOT ECONOMICALLY ACTIVE,2nd,318
2017-04,PERSONS NOT ECONOMICALLY ACTIVE,3rd,116
2017-04,PERSONS NOT ECONOMICALLY ACTIVE,4th,54
2017-04,PERSONS NOT ECONOMICALLY ACTIVE,5th,29
2017-04,PERSONS NOT ECONOMICALLY ACTIVE,6th,8
2017-04,PERSONS NOT ECONOMICALLY ACTIVE,7th,5
2017-04,PERSONS NOT ECONOMICALLY ACTIVE,8th,1
2017-04,PLANT/MACHINE OPERATORS & ASSEMBLERS,2nd,1
2017-04,PRODUCTION CRAFTSMEN & REL WORKERS,1st,2
2017-04,PRODUCTION CRAFTSMEN & REL WORKERS,2nd,5
2017-04,PRODUCTION CRAFTSMEN & REL WORKERS,3rd,2
2017-04,PROFESSIONALS,1st,338
2017-04,PROFESSIONALS,2nd,254
2017-04,PROFESSIONALS,3rd,41
2017-04,PROFESSIONALS,4th,7
2017-04,PROFESSIONALS,5th,1
2017-04,"SERVICE WKRS, SHOP, MARKET SALES WKRS",1st,91
2017-04,"SERVICE WKRS, SHOP, MARKET SALES WKRS",2nd,79
2017-04,"SERVICE WKRS, SHOP, MARKET SALES WKRS",3rd,38
2017-04,"SERVICE WKRS, SHOP, MARKET SALES WKRS",4th,15
2017-04,"SERVICE WKRS, SHOP, MARKET SALES WKRS",5th,4
2017-04,"SERVICE WKRS, SHOP, MARKET SALES WKRS",6th,1
2017-04,TECHNICIANS & ASSOCIATE PROFS,1st,518
2017-04,TECHNICIANS & ASSOCIATE PROFS,2nd,352
2017-04,TECHNICIANS & ASSOCIATE PROFS,3rd,85
2017-04,TECHNICIANS & ASSOCIATE PROFS,4th,28
2017-04,TECHNICIANS & ASSOCIATE PROFS,5th,4
2017-04,TECHNICIANS & ASSOCIATE PROFS,6th,1
2017-04,TECHNICIANS & ASSOCIATE PROFS,8th,1
2017-04,WKRS NOT CLASSIFIABLE BY OCCUPATION,1st,1
2017-04,WKRS NOT CLASSIFIABLE BY OCCUPATION,2nd,1
2017-04,WKRS NOT CLASSIFIABLE BY OCCUPATION,4th,1
2017-05,"CLEANERS, LABOURERS & REL WORKERS",1st,2
2017-05,"CLEANERS, LABOURERS & REL WORKERS",2nd,1
2017-05,CLERICAL WORKERS,1st,46
2017-05,CLERICAL WORKERS,2nd,51
2017-05,CLERICAL WORKERS,3rd,14
2017-05,CLERICAL WORKERS,4th,10
2017-05,CLERICAL WORKERS,5th,2
2017-05,"LEGISLATORS, SNR OFFICIALS & MGRS",1st,152
2017-05,"LEGISLATORS, SNR OFFICIALS & MGRS",2nd,112
2017-05,"LEGISLATORS, SNR OFFICIALS & MGRS",3rd,22
2017-05,"LEGISLATORS, SNR OFFICIALS & MGRS",4th,6
2017-05,PERSONS NOT ECONOMICALLY ACTIVE,1st,331
2017-05,PERSONS NOT ECONOMICALLY ACTIVE,2nd,345
2017-05,PERSONS NOT ECONOMICALLY ACTIVE,3rd,137
2017-05,PERSONS NOT ECONOMICALLY ACTIVE,4th,58
2017-05,PERSONS NOT ECONOMICALLY ACTIVE,5th,28
2017-05,PERSONS NOT ECONOMICALLY ACTIVE,6th,11
2017-05,PERSONS NOT ECONOMICALLY ACTIVE,7th,3
2017-05,PERSONS NOT ECONOMICALLY ACTIVE,9th & over,2
2017-05,PLANT/MACHINE OPERATORS & ASSEMBLERS,4th,1
2017-05,PLANT/MACHINE OPERATORS & ASSEMBLERS,5th,1
2017-05,PRODUCTION CRAFTSMEN & REL WORKERS,1st,4
2017-05,PRODUCTION CRAFTSMEN & REL WORKERS,3rd,1
2017-05,PROFESSIONALS,1st,357
2017-05,PROFESSIONALS,2nd,201
2017-05,PROFESSIONALS,3rd,57
2017-05,PROFESSIONALS,4th,11
2017-05,PROFESSIONALS,5th,2
2017-05,PROFESSIONALS,6th,1
2017-05,"SERVICE WKRS, SHOP, MARKET SALES WKRS",1st,110
2017-05,"SERVICE WKRS, SHOP, MARKET SALES WKRS",2nd,88
2017-05,"SERVICE WKRS, SHOP, MARKET SALES WKRS",3rd,39
2017-05,"SERVICE WKRS, SHOP, MARKET SALES WKRS",4th,9
2017-05,"SERVICE WKRS, SHOP, MARKET SALES WKRS",5th,7
2017-05,"SERVICE WKRS, SHOP, MARKET SALES WKRS",6th,1
2017-05,TECHNICIANS & ASSOCIATE PROFS,1st,483
2017-05,TECHNICIANS & ASSOCIATE PROFS,2nd,330
2017-05,TECHNICIANS & ASSOCIATE PROFS,3rd,105
2017-05,TECHNICIANS & ASSOCIATE PROFS,4th,31
2017-05,TECHNICIANS & ASSOCIATE PROFS,5th,2
2017-05,TECHNICIANS & ASSOCIATE PROFS,6th,1
2017-05,TECHNICIANS & ASSOCIATE PROFS,7th,1
2017-05,WKRS NOT CLASSIFIABLE BY OCCUPATION,1st,3
2017-05,WKRS NOT CLASSIFIABLE BY OCCUPATION,2nd,3
2017-06,"CLEANERS, LABOURERS & REL WORKERS",2nd,1
2017-06,"CLEANERS, LABOURERS & REL WORKERS",4th,1
2017-06,"CLEANERS, LABOURERS & REL WORKERS",6th,1
2017-06,CLERICAL WORKERS,1st,38
2017-06,CLERICAL WORKERS,2nd,41
2017-06,CLERICAL WORKERS,3rd,25
2017-06,CLERICAL WORKERS,4th,9
2017-06,CLERICAL WORKERS,5th,1
2017-06,"LEGISLATORS, SNR OFFICIALS & MGRS",1st,128
2017-06,"LEGISLATORS, SNR OFFICIALS & MGRS",2nd,113
2017-06,"LEGISLATORS, SNR OFFICIALS & MGRS",3rd,41
2017-06,"LEGISLATORS, SNR OFFICIALS & MGRS",4th,4
2017-06,"LEGISLATORS, SNR OFFICIALS & MGRS",5th,3
2017-06,PERSONS NOT ECONOMICALLY ACTIVE,1st,352
2017-06,PERSONS NOT ECONOMICALLY ACTIVE,2nd,293
2017-06,PERSONS NOT ECONOMICALLY ACTIVE,3rd,122
2017-06,PERSONS NOT ECONOMICALLY ACTIVE,4th,40
2017-06,PERSONS NOT ECONOMICALLY ACTIVE,5th,24
2017-06,PERSONS NOT ECONOMICALLY ACTIVE,6th,8
2017-06,PERSONS NOT ECONOMICALLY ACTIVE,7th,3
2017-06,PERSONS NOT ECONOMICALLY ACTIVE,8th,1
2017-06,PERSONS NOT ECONOMICALLY ACTIVE,9th & over,1
2017-06,PLANT/MACHINE OPERATORS & ASSEMBLERS,1st,1
2017-06,PLANT/MACHINE OPERATORS & ASSEMBLERS,2nd,2
2017-06,PRODUCTION CRAFTSMEN & REL WORKERS,1st,1
2017-06,PRODUCTION CRAFTSMEN & REL WORKERS,2nd,3
2017-06,PRODUCTION CRAFTSMEN & REL WORKERS,3rd,2
2017-06,PROFESSIONALS,1st,351
2017-06,PROFESSIONALS,2nd,226
2017-06,PROFESSIONALS,3rd,66
2017-06,PROFESSIONALS,4th,7
2017-06,PROFESSIONALS,5th,1
2017-06,PROFESSIONALS,7th,1
2017-06,"SERVICE WKRS, SHOP, MARKET SALES WKRS",1st,92
2017-06,"SERVICE WKRS, SHOP, MARKET SALES WKRS",2nd,75
2017-06,"SERVICE WKRS, SHOP, MARKET SALES WKRS",3rd,41
2017-06,"SERVICE WKRS, SHOP, MARKET SALES WKRS",4th,16
2017-06,"SERVICE WKRS, SHOP, MARKET SALES WKRS",5th,4
2017-06,"SERVICE WKRS, SHOP, MARKET SALES WKRS",6th,2
2017-06,"SERVICE WKRS, SHOP, MARKET SALES WKRS",7th,1
2017-06,TECHNICIANS & ASSOCIATE PROFS,1st,499
2017-06,TECHNICIANS & ASSOCIATE PROFS,2nd,360
2017-06,TECHNICIANS & ASSOCIATE PROFS,3rd,104
2017-06,TECHNICIANS & ASSOCIATE PROFS,4th,23
2017-06,TECHNICIANS & ASSOCIATE PROFS,5th,5
2017-06,TECHNICIANS & ASSOCIATE PROFS,6th,1
2017-06,TECHNICIANS & ASSOCIATE PROFS,7th,1
2017-06,WKRS NOT CLASSIFIABLE BY OCCUPATION,2nd,1
2017-06,WKRS NOT CLASSIFIABLE BY OCCUPATION,4th,1
2017-07,"CLEANERS, LABOURERS & REL WORKERS",1st,1
2017-07,"CLEANERS, LABOURERS & REL WORKERS",3rd,1
2017-07,CLERICAL WORKERS,1st,54
2017-07,CLERICAL WORKERS,2nd,48
2017-07,CLERICAL WORKERS,3rd,28
2017-07,CLERICAL WORKERS,4th,6
2017-07,CLERICAL WORKERS,5th,5
2017-07,CLERICAL WORKERS,7th,1
2017-07,"LEGISLATORS, SNR OFFICIALS & MGRS",1st,151
2017-07,"LEGISLATORS, SNR OFFICIALS & MGRS",2nd,110
2017-07,"LEGISLATORS, SNR OFFICIALS & MGRS",3rd,20
2017-07,"LEGISLATORS, SNR OFFICIALS & MGRS",4th,4
2017-07,"LEGISLATORS, SNR OFFICIALS & MGRS",5th,1
2017-07,"LEGISLATORS, SNR OFFICIALS & MGRS",6th,1
2017-07,PERSONS NOT ECONOMICALLY ACTIVE,1st,366
2017-07,PERSONS NOT ECONOMICALLY ACTIVE,2nd,319
2017-07,PERSONS NOT ECONOMICALLY ACTIVE,3rd,140
2017-07,PERSONS NOT ECONOMICALLY ACTIVE,4th,63
2017-07,PERSONS NOT ECONOMICALLY ACTIVE,5th,22
2017-07,PERSONS NOT ECONOMICALLY ACTIVE,6th,16
2017-07,PERSONS NOT ECONOMICALLY ACTIVE,7th,6
2017-07,PERSONS NOT ECONOMICALLY ACTIVE,8th,1
2017-07,PRODUCTION CRAFTSMEN & REL WORKERS,1st,1
2017-07,PRODUCTION CRAFTSMEN & REL WORKERS,2nd,5
2017-07,PRODUCTION CRAFTSMEN & REL WORKERS,4th,1
2017-07,PRODUCTION CRAFTSMEN & REL WORKERS,5th,1
2017-07,PROFESSIONALS,1st,359
2017-07,PROFESSIONALS,2nd,267
2017-07,PROFESSIONALS,3rd,45
2017-07,PROFESSIONALS,4th,11
2017-07,"SERVICE WKRS, SHOP, MARKET SALES WKRS",1st,81
2017-07,"SERVICE WKRS, SHOP, MARKET SALES WKRS",2nd,87
2017-07,"SERVICE WKRS, SHOP, MARKET SALES WKRS",3rd,43
2017-07,"SERVICE WKRS, SHOP, MARKET SALES WKRS",4th,11
2017-07,"SERVICE WKRS, SHOP, MARKET SALES WKRS",5th,4
2017-07,"SERVICE WKRS, SHOP, MARKET SALES WKRS",6th,5
2017-07,"SERVICE WKRS, SHOP, MARKET SALES WKRS",7th,1
2017-07,TECHNICIANS & ASSOCIATE PROFS,1st,520
2017-07,TECHNICIANS & ASSOCIATE PROFS,2nd,387
2017-07,TECHNICIANS & ASSOCIATE PROFS,3rd,101
2017-07,TECHNICIANS & ASSOCIATE PROFS,4th,16
2017-07,TECHNICIANS & ASSOCIATE PROFS,5th,7
2017-07,TECHNICIANS & ASSOCIATE PROFS,6th,2
2017-07,TECHNICIANS & ASSOCIATE PROFS,7th,1
2017-07,WKRS NOT CLASSIFIABLE BY OCCUPATION,1st,1
2017-07,WKRS NOT CLASSIFIABLE BY OCCUPATION,2nd,1
2017-07,WKRS NOT CLASSIFIABLE BY OCCUPATION,3rd,1
2017-08,"CLEANERS, LABOURERS & REL WORKERS",1st,3
2017-08,"CLEANERS, LABOURERS & REL WORKERS",4th,1
2017-08,"CLEANERS, LABOURERS & REL WORKERS",6th,1
2017-08,CLERICAL WORKERS,1st,48
2017-08,CLERICAL WORKERS,2nd,51
2017-08,CLERICAL WORKERS,3rd,22
2017-08,CLERICAL WORKERS,4th,8
2017-08,"LEGISLATORS, SNR OFFICIALS & MGRS",1st,108
2017-08,"LEGISLATORS, SNR OFFICIALS & MGRS",2nd,89
2017-08,"LEGISLATORS, SNR OFFICIALS & MGRS",3rd,18
2017-08,"LEGISLATORS, SNR OFFICIALS & MGRS",4th,6
2017-08,"LEGISLATORS, SNR OFFICIALS & MGRS",5th,1
2017-08,PERSONS NOT ECONOMICALLY ACTIVE,1st,350
2017-08,PERSONS NOT ECONOMICALLY ACTIVE,2nd,328
2017-08,PERSONS NOT ECONOMICALLY ACTIVE,3rd,161
2017-08,PERSONS NOT ECONOMICALLY ACTIVE,4th,43
2017-08,PERSONS NOT ECONOMICALLY ACTIVE,5th,31
2017-08,PERSONS NOT ECONOMICALLY ACTIVE,6th,12
2017-08,PERSONS NOT ECONOMICALLY ACTIVE,7th,3
2017-08,PLANT/MACHINE OPERATORS & ASSEMBLERS,3rd,1
2017-08,PRODUCTION CRAFTSMEN & REL WORKERS,1st,3
2017-08,PRODUCTION CRAFTSMEN & REL WORKERS,2nd,4
2017-08,PRODUCTION CRAFTSMEN & REL WORKERS,3rd,2
2017-08,PROFESSIONALS,1st,396
2017-08,PROFESSIONALS,2nd,259
2017-08,PROFESSIONALS,3rd,61
2017-08,PROFESSIONALS,4th,10
2017-08,PROFESSIONALS,5th,2
2017-08,"SERVICE WKRS, SHOP, MARKET SALES WKRS",1st,109
2017-08,"SERVICE WKRS, SHOP, MARKET SALES WKRS",2nd,96
2017-08,"SERVICE WKRS, SHOP, MARKET SALES WKRS",3rd,42
2017-08,"SERVICE WKRS, SHOP, MARKET SALES WKRS",4th,14
2017-08,"SERVICE WKRS, SHOP, MARKET SALES WKRS",5th,5
2017-08,"SERVICE WKRS, SHOP, MARKET SALES WKRS",6th,3
2017-08,"SERVICE WKRS, SHOP, MARKET SALES WKRS",8th,1
2017-08,TECHNICIANS & ASSOCIATE PROFS,1st,598
2017-08,TECHNICIANS & ASSOCIATE PROFS,2nd,402
2017-08,TECHNICIANS & ASSOCIATE PROFS,3rd,101
2017-08,TECHNICIANS & ASSOCIATE PROFS,4th,17
2017-08,TECHNICIANS & ASSOCIATE PROFS,5th,3
2017-08,WKRS NOT CLASSIFIABLE BY OCCUPATION,1st,3
2017-08,WKRS NOT CLASSIFIABLE BY OCCUPATION,5th,1
2017-09,AGRICULTURAL & FISHERY WORKERS,1st,1
2017-09,CLERICAL WORKERS,1st,47
2017-09,CLERICAL WORKERS,2nd,41
2017-09,CLERICAL WORKERS,3rd,20
2017-09,CLERICAL WORKERS,4th,9
2017-09,CLERICAL WORKERS,5th,4
2017-09,CLERICAL WORKERS,6th,1
2017-09,"LEGISLATORS, SNR OFFICIALS & MGRS",1st,126
2017-09,"LEGISLATORS, SNR OFFICIALS & MGRS",2nd,97
2017-09,"LEGISLATORS, SNR OFFICIALS & MGRS",3rd,30
2017-09,"LEGISLATORS, SNR OFFICIALS & MGRS",4th,5
2017-09,"LEGISLATORS, SNR OFFICIALS & MGRS",5th,1
2017-09,PERSONS NOT ECONOMICALLY ACTIVE,1st,366
2017-09,PERSONS NOT ECONOMICALLY ACTIVE,2nd,335
2017-09,PERSONS NOT ECONOMICALLY ACTIVE,3rd,137
2017-09,PERSONS NOT ECONOMICALLY ACTIVE,4th,57
2017-09,PERSONS NOT ECONOMICALLY ACTIVE,5th,22
2017-09,PERSONS NOT ECONOMICALLY ACTIVE,6th,6
2017-09,PERSONS NOT ECONOMICALLY ACTIVE,7th,4
2017-09,PERSONS NOT ECONOMICALLY ACTIVE,9th & over,2
2017-09,PLANT/MACHINE OPERATORS & ASSEMBLERS,1st,4
2017-09,PLANT/MACHINE OPERATORS & ASSEMBLERS,3rd,2
2017-09,PRODUCTION CRAFTSMEN & REL WORKERS,1st,2
2017-09,PRODUCTION CRAFTSMEN & REL WORKERS,2nd,2
2017-09,PRODUCTION CRAFTSMEN & REL WORKERS,4th,1
2017-09,PROFESSIONALS,1st,386
2017-09,PROFESSIONALS,2nd,264
2017-09,PROFESSIONALS,3rd,52
2017-09,PROFESSIONALS,4th,10
2017-09,PROFESSIONALS,5th,4
2017-09,"SERVICE WKRS, SHOP, MARKET SALES WKRS",1st,132
2017-09,"SERVICE WKRS, SHOP, MARKET SALES WKRS",2nd,67
2017-09,"SERVICE WKRS, SHOP, MARKET SALES WKRS",3rd,42
2017-09,"SERVICE WKRS, SHOP, MARKET SALES WKRS",4th,12
2017-09,"SERVICE WKRS, SHOP, MARKET SALES WKRS",5th,3
2017-09,TECHNICIANS & ASSOCIATE PROFS,1st,558
2017-09,TECHNICIANS & ASSOCIATE PROFS,2nd,432
2017-09,TECHNICIANS & ASSOCIATE PROFS,3rd,118
2017-09,TECHNICIANS & ASSOCIATE PROFS,4th,17
2017-09,TECHNICIANS & ASSOCIATE PROFS,5th,1
2017-09,TECHNICIANS & ASSOCIATE PROFS,6th,1
2017-09,WKRS NOT CLASSIFIABLE BY OCCUPATION,1st,1
2017-09,WKRS NOT CLASSIFIABLE BY OCCUPATION,2nd,1
2017-10,CLERICAL WORKERS,1st,57
2017-10,CLERICAL WORKERS,2nd,55
2017-10,CLERICAL WORKERS,3rd,29
2017-10,CLERICAL WORKERS,4th,10
2017-10,CLERICAL WORKERS,5th,5
2017-10,CLERICAL WORKERS,6th,2
2017-10,"LEGISLATORS, SNR OFFICIALS & MGRS",1st,126
2017-10,"LEGISLATORS, SNR OFFICIALS & MGRS",2nd,91
2017-10,"LEGISLATORS, SNR OFFICIALS & MGRS",3rd,30
2017-10,"LEGISLATORS, SNR OFFICIALS & MGRS",4th,9
2017-10,"LEGISLATORS, SNR OFFICIALS & MGRS",5th,3
2017-10,PERSONS NOT ECONOMICALLY ACTIVE,1st,377
2017-10,PERSONS NOT ECONOMICALLY ACTIVE,2nd,327
2017-10,PERSONS NOT ECONOMICALLY ACTIVE,3rd,132
2017-10,PERSONS NOT ECONOMICALLY ACTIVE,4th,56
2017-10,PERSONS NOT ECONOMICALLY ACTIVE,5th,29
2017-10,PERSONS NOT ECONOMICALLY ACTIVE,6th,14
2017-10,PERSONS NOT ECONOMICALLY ACTIVE,7th,2
2017-10,PERSONS NOT ECONOMICALLY ACTIVE,8th,1
2017-10,PERSONS NOT ECONOMICALLY ACTIVE,9th & over,1
2017-10,PLANT/MACHINE OPERATORS & ASSEMBLERS,1st,1
2017-10,PLANT/MACHINE OPERATORS & ASSEMBLERS,4th,2
2017-10,PRODUCTION CRAFTSMEN & REL WORKERS,1st,1
2017-10,PRODUCTION CRAFTSMEN & REL WORKERS,2nd,1
2017-10,PRODUCTION CRAFTSMEN & REL WORKERS,3rd,1
2017-10,PRODUCTION CRAFTSMEN & REL WORKERS,5th,1
2017-10,PROFESSIONALS,1st,392
2017-10,PROFESSIONALS,2nd,264
2017-10,PROFESSIONALS,3rd,54
2017-10,PROFESSIONALS,4th,9
2017-10,PROFESSIONALS,5th,3
2017-10,PROFESSIONALS,6th,1
2017-10,"SERVICE WKRS, SHOP, MARKET SALES WKRS",1st,105
2017-10,"SERVICE WKRS, SHOP, MARKET SALES WKRS",2nd,72
2017-10,"SERVICE WKRS, SHOP, MARKET SALES WKRS",3rd,37
2017-10,"SERVICE WKRS, SHOP, MARKET SALES WKRS",4th,10
2017-10,"SERVICE WKRS, SHOP, MARKET SALES WKRS",5th,4
2017-10,"SERVICE WKRS, SHOP, MARKET SALES WKRS",6th,3
2017-10,TECHNICIANS & ASSOCIATE PROFS,1st,610
2017-10,TECHNICIANS & ASSOCIATE PROFS,2nd,385
2017-10,TECHNICIANS & ASSOCIATE PROFS,3rd,130
2017-10,TECHNICIANS & ASSOCIATE PROFS,4th,25
2017-10,TECHNICIANS & ASSOCIATE PROFS,5th,9
2017-10,TECHNICIANS & ASSOCIATE PROFS,6th,1
2017-10,WKRS NOT CLASSIFIABLE BY OCCUPATION,1st,3
2017-10,WKRS NOT CLASSIFIABLE BY OCCUPATION,2nd,3
2017-11,CLERICAL WORKERS,1st,50
2017-11,CLERICAL WORKERS,2nd,54
2017-11,CLERICAL WORKERS,3rd,25
2017-11,CLERICAL WORKERS,4th,5
2017-11,CLERICAL WORKERS,5th,1
2017-11,"LEGISLATORS, SNR OFFICIALS & MGRS",1st,101
2017-11,"LEGISLATORS, SNR OFFICIALS & MGRS",2nd,95
2017-11,"LEGISLATORS, SNR OFFICIALS & MGRS",3rd,23
2017-11,"LEGISLATORS, SNR OFFICIALS & MGRS",4th,3
2017-11,"LEGISLATORS, SNR OFFICIALS & MGRS",7th,1
2017-11,PERSONS NOT ECONOMICALLY ACTIVE,1st,392
2017-11,PERSONS NOT ECONOMICALLY ACTIVE,2nd,327
2017-11,PERSONS NOT ECONOMICALLY ACTIVE,3rd,150
2017-11,PERSONS NOT ECONOMICALLY ACTIVE,4th,56
2017-11,PERSONS NOT ECONOMICALLY ACTIVE,5th,22
2017-11,PERSONS NOT ECONOMICALLY ACTIVE,6th,12
2017-11,PERSONS NOT ECONOMICALLY ACTIVE,7th,4
2017-11,PERSONS NOT ECONOMICALLY ACTIVE,9th & over,1
2017-11,PLANT/MACHINE OPERATORS & ASSEMBLERS,1st,1
2017-11,PRODUCTION CRAFTSMEN & REL WORKERS,2nd,1
2017-11,PRODUCTION CRAFTSMEN & REL WORKERS,3rd,1
2017-11,PROFESSIONALS,1st,392
2017-11,PROFESSIONALS,2nd,252
2017-11,PROFESSIONALS,3rd,53
2017-11,PROFESSIONALS,4th,6
2017-11,PROFESSIONALS,6th,2
2017-11,"SERVICE WKRS, SHOP, MARKET SALES WKRS",1st,119
2017-11,"SERVICE WKRS, SHOP, MARKET SALES WKRS",2nd,100
2017-11,"SERVICE WKRS, SHOP, MARKET SALES WKRS",3rd,39
2017-11,"SERVICE WKRS, SHOP, MARKET SALES WKRS",4th,15
2017-11,"SERVICE WKRS, SHOP, MARKET SALES WKRS",5th,4
2017-11,"SERVICE WKRS, SHOP, MARKET SALES WKRS",6th,4
2017-11,"SERVICE WKRS, SHOP, MARKET SALES WKRS",7th,1
2017-11,"SERVICE WKRS, SHOP, MARKET SALES WKRS",9th & over,1
2017-11,TECHNICIANS & ASSOCIATE PROFS,1st,601
2017-11,TECHNICIANS & ASSOCIATE PROFS,2nd,367
2017-11,TECHNICIANS & ASSOCIATE PROFS,3rd,98
2017-11,TECHNICIANS & ASSOCIATE PROFS,4th,21
2017-11,TECHNICIANS & ASSOCIATE PROFS,5th,9
2017-11,TECHNICIANS & ASSOCIATE PROFS,6th,1
2017-11,TECHNICIANS & ASSOCIATE PROFS,8th,1
2017-11,WKRS NOT CLASSIFIABLE BY OCCUPATION,1st,3
2017-11,WKRS NOT CLASSIFIABLE BY OCCUPATION,2nd,1
2017-11,WKRS NOT CLASSIFIABLE BY OCCUPATION,3rd,1
2017-11,WKRS NOT CLASSIFIABLE BY OCCUPATION,4th,2
2017-12,"CLEANERS, LABOURERS & REL WORKERS",1st,1
2017-12,"CLEANERS, LABOURERS & REL WORKERS",2nd,1
2017-12,CLERICAL WORKERS,1st,52
2017-12,CLERICAL WORKERS,2nd,37
2017-12,CLERICAL WORKERS,3rd,30
2017-12,CLERICAL WORKERS,4th,12
2017-12,CLERICAL WORKERS,5th,5
2017-12,CLERICAL WORKERS,6th,1
2017-12,"LEGISLATORS, SNR OFFICIALS & MGRS",1st,112
2017-12,"LEGISLATORS, SNR OFFICIALS & MGRS",2nd,82
2017-12,"LEGISLATORS, SNR OFFICIALS & MGRS",3rd,29
2017-12,"LEGISLATORS, SNR OFFICIALS & MGRS",4th,6
2017-12,"LEGISLATORS, SNR OFFICIALS & MGRS",5th,2
2017-12,"LEGISLATORS, SNR OFFICIALS & MGRS",6th,1
2017-12,PERSONS NOT ECONOMICALLY ACTIVE,1st,354
2017-12,PERSONS NOT ECONOMICALLY ACTIVE,2nd,336
2017-12,PERSONS NOT ECONOMICALLY ACTIVE,3rd,140
2017-12,PERSONS NOT ECONOMICALLY ACTIVE,4th,60
2017-12,PERSONS NOT ECONOMICALLY ACTIVE,5th,26
2017-12,PERSONS NOT ECONOMICALLY ACTIVE,6th,6
2017-12,PERSONS NOT ECONOMICALLY ACTIVE,7th,5
2017-12,PERSONS NOT ECONOMICALLY ACTIVE,8th,2
2017-12,PERSONS NOT ECONOMICALLY ACTIVE,9th & over,1
2017-12,PRODUCTION CRAFTSMEN & REL WORKERS,1st,6
2017-12,PRODUCTION CRAFTSMEN & REL WORKERS,2nd,1
2017-12,PRODUCTION CRAFTSMEN & REL WORKERS,4th,1
2017-12,PROFESSIONALS,1st,358
2017-12,PROFESSIONALS,2nd,247
2017-12,PROFESSIONALS,3rd,66
2017-12,PROFESSIONALS,4th,11
2017-12,PROFESSIONALS,5th,3
2017-12,"SERVICE WKRS, SHOP, MARKET SALES WKRS",1st,107
2017-12,"SERVICE WKRS, SHOP, MARKET SALES WKRS",2nd,80
2017-12,"SERVICE WKRS, SHOP, MARKET SALES WKRS",3rd,40
2017-12,"SERVICE WKRS, SHOP, MARKET SALES WKRS",4th,9
2017-12,"SERVICE WKRS, SHOP, MARKET SALES WKRS",5th,9
2017-12,"SERVICE WKRS, SHOP, MARKET SALES WKRS",6th,1
2017-12,TECHNICIANS & ASSOCIATE PROFS,1st,568
2017-12,TECHNICIANS & ASSOCIATE PROFS,2nd,361
2017-12,TECHNICIANS & ASSOCIATE PROFS,3rd,117
2017-12,TECHNICIANS & ASSOCIATE PROFS,4th,20
2017-12,TECHNICIANS & ASSOCIATE PROFS,5th,7
2017-12,TECHNICIANS & ASSOCIATE PROFS,6th,1
2017-12,TECHNICIANS & ASSOCIATE PROFS,7th,1
2017-12,WKRS NOT CLASSIFIABLE BY OCCUPATION,1st,2
2017-12,WKRS NOT CLASSIFIABLE BY OCCUPATION,3rd,1
